{
  "Alapanyag, sütés-főzés": {
    "tulajdonságok": {
      "egyedi": {},
      "csoportos": {}
    },
    "alkategóriák": {
      "Étkezési só, ételízesítő": {
        "tulajdonságok": {
          "egyedi": {},
          "csoportos": {}
        },
        "altípusok": {}
      },
      "Fűszer": {
        "tulajdonságok": {
          "egyedi": {},
          "csoportos": {}
        },
        "altípusok": {}
      },
      "Lekvár, méz, mogyorókrém": {
        "tulajdonságok": {
          "egyedi": {},
          "csoportos": {}
        },
        "altípusok": {}
      },
      "Liszt, dara, morzsa": {
        "tulajdonságok": {
          "egyedi": {},
          "csoportos": {}
        },
        "altípusok": {}
      },
      "Olaj, zsiradék": {
        "tulajdonságok": {
          "egyedi": {},
          "csoportos": {}
        },
        "altípusok": {}
      },
      "Rizs, köret": {
        "tulajdonságok": {
          "egyedi": {},
          "csoportos": {}
        },
        "altípusok": {}
      },
      "Sütőpor, szódabikarbóna, élesztő": {
        "tulajdonságok": {
          "egyedi": {},
          "csoportos": {}
        },
        "altípusok": {}
      },
      "Tészta": {
        "tulajdonságok": {
          "egyedi": {},
          "csoportos": {}
        },
        "altípusok": {}
      }
    }
  },
  "Baba": {
    "tulajdonságok": {
      "egyedi": {},
      "csoportos": {}
    },
    "alkategóriák": {
      "Bébiétel": {
        "tulajdonságok": {
          "egyedi": {},
          "csoportos": {}
        },
        "altípusok": {}
      },
      "Bébiital": {
        "tulajdonságok": {
          "egyedi": {},
          "csoportos": {}
        },
        "altípusok": {}
      },
      "Egyéb": {
        "tulajdonságok": {
          "egyedi": {},
          "csoportos": {}
        },
        "altípusok": {}
      },
      "Snack, keksz": {
        "tulajdonságok": {
          "egyedi": {},
          "csoportos": {}
        },
        "altípusok": {}
      },
      "Tejpép, gabonapép": {
        "tulajdonságok": {
          "egyedi": {},
          "csoportos": {}
        },
        "altípusok": {}
      },
      "Víz": {
        "tulajdonságok": {
          "egyedi": {},
          "csoportos": {}
        },
        "altípusok": {}
      }
    }
  },
  "Édesség, snack, rágcsálnivaló": {
    "tulajdonságok": {
      "egyedi": {},
      "csoportos": {}
    },
    "alkategóriák": {
      "Csokoládé": {
        "tulajdonságok": {
          "egyedi": {},
          "csoportos": {}
        },
        "altípusok": {
          "Egyéb": {
            "tulajdonságok": {
              "egyedi": {},
              "csoportos": {}
            }
          },
          "Szeletek": {
            "tulajdonságok": {
              "egyedi": {},
              "csoportos": {}
            }
          },
          "Tábla csokoládé": {
            "tulajdonságok": {
              "egyedi": {},
              "csoportos": {}
            }
          }
        }
      },
      "Cukorka, gumicukor, drazsé": {
        "tulajdonságok": {
          "egyedi": {},
          "csoportos": {}
        },
        "altípusok": {}
      },
      "Keksz, nápolyi, ostya": {
        "tulajdonságok": {
          "egyedi": {},
          "csoportos": {}
        },
        "altípusok": {}
      },
      "Müzli szelet, energiaszelet": {
        "tulajdonságok": {
          "egyedi": {},
          "csoportos": {}
        },
        "altípusok": {}
      },
      "Snack": {
        "tulajdonságok": {
          "egyedi": {},
          "csoportos": {}
        },
        "altípusok": {
          "Chips": {
            "tulajdonságok": {
              "egyedi": {},
              "csoportos": {}
            }
          },
          "Magvak, dió": {
            "tulajdonságok": {
              "egyedi": {},
              "csoportos": {}
            }
          },
          "Popcorn": {
            "tulajdonságok": {
              "egyedi": {},
              "csoportos": {}
            }
          },
          "Ropi, perec": {
            "tulajdonságok": {
              "egyedi": {},
              "csoportos": {}
            }
          },
          "Snack mixek": {
            "tulajdonságok": {
              "egyedi": {},
              "csoportos": {}
            }
          }
        }
      },
      "Torta": {
        "tulajdonságok": {
          "egyedi": {},
          "csoportos": {}
        },
        "altípusok": {}
      }
    }
  },
  "Fagyasztott áruk": {
    "tulajdonságok": {
      "egyedi": {},
      "csoportos": {}
    },
    "alkategóriák": {
      "Fagyasztott gyümölcs": {
        "tulajdonságok": {
          "egyedi": {},
          "csoportos": {}
        },
        "altípusok": {
          "Áfonya": {
            "tulajdonságok": {
              "egyedi": {},
              "csoportos": {}
            }
          },
          "Egyéb": {
            "tulajdonságok": {
              "egyedi": {},
              "csoportos": {}
            }
          },
          "Eper": {
            "tulajdonságok": {
              "egyedi": {},
              "csoportos": {}
            }
          },
          "Málna": {
            "tulajdonságok": {
              "egyedi": {},
              "csoportos": {}
            }
          },
          "Meggy": {
            "tulajdonságok": {
              "egyedi": {},
              "csoportos": {}
            }
          },
          "Mix/keverék": {
            "tulajdonságok": {
              "egyedi": {},
              "csoportos": {}
            }
          },
          "Ribizli": {
            "tulajdonságok": {
              "egyedi": {},
              "csoportos": {}
            }
          },
          "Szeder": {
            "tulajdonságok": {
              "egyedi": {},
              "csoportos": {}
            }
          }
        }
      },
      "Fagyasztott hal": {
        "tulajdonságok": {
          "egyedi": {},
          "csoportos": {}
        },
        "altípusok": {
          "Egyéb": {
            "tulajdonságok": {
              "egyedi": {},
              "csoportos": {}
            }
          },
          "Hekk": {
            "tulajdonságok": {
              "egyedi": {},
              "csoportos": {}
            }
          },
          "Kagyló": {
            "tulajdonságok": {
              "egyedi": {},
              "csoportos": {}
            }
          },
          "Lazac": {
            "tulajdonságok": {
              "egyedi": {},
              "csoportos": {}
            }
          },
          "Makréla": {
            "tulajdonságok": {
              "egyedi": {},
              "csoportos": {}
            }
          },
          "Ponty": {
            "tulajdonságok": {
              "egyedi": {},
              "csoportos": {}
            }
          },
          "Rák": {
            "tulajdonságok": {
              "egyedi": {},
              "csoportos": {}
            }
          },
          "Szardínia": {
            "tulajdonságok": {
              "egyedi": {},
              "csoportos": {}
            }
          },
          "Tintahal": {
            "tulajdonságok": {
              "egyedi": {},
              "csoportos": {}
            }
          },
          "Tőkehal": {
            "tulajdonságok": {
              "egyedi": {},
              "csoportos": {}
            }
          },
          "Tonhal": {
            "tulajdonságok": {
              "egyedi": {},
              "csoportos": {}
            }
          }
        }
      },
      "Fagyasztott hús": {
        "tulajdonságok": {
          "egyedi": {},
          "csoportos": {}
        },
        "altípusok": {
          "Csirke": {
            "tulajdonságok": {
              "egyedi": {},
              "csoportos": {}
            }
          },
          "Kacsa": {
            "tulajdonságok": {
              "egyedi": {},
              "csoportos": {}
            }
          },
          "Marha": {
            "tulajdonságok": {
              "egyedi": {},
              "csoportos": {}
            }
          },
          "Pulyka": {
            "tulajdonságok": {
              "egyedi": {},
              "csoportos": {}
            }
          },
          "Sertés": {
            "tulajdonságok": {
              "egyedi": {},
              "csoportos": {}
            }
          },
          "Vad": {
            "tulajdonságok": {
              "egyedi": {},
              "csoportos": {}
            }
          }
        }
      },
      "Fagyasztott készétel": {
        "tulajdonságok": {
          "egyedi": {},
          "csoportos": {}
        },
        "altípusok": {}
      },
      "Fagyasztott pizza": {
        "tulajdonságok": {
          "egyedi": {},
          "csoportos": {}
        },
        "altípusok": {}
      },
      "Fagyasztott rántott sajt": {
        "tulajdonságok": {
          "egyedi": {},
          "csoportos": {}
        },
        "altípusok": {}
      },
      "Fagyasztott zöldség": {
        "tulajdonságok": {
          "egyedi": {},
          "csoportos": {}
        },
        "altípusok": {
          "Borsó": {
            "tulajdonságok": {
              "egyedi": {},
              "csoportos": {}
            }
          },
          "Brokkoli": {
            "tulajdonságok": {
              "egyedi": {},
              "csoportos": {}
            }
          },
          "Burgonya": {
            "tulajdonságok": {
              "egyedi": {},
              "csoportos": {}
            }
          },
          "Egyéb": {
            "tulajdonságok": {
              "egyedi": {},
              "csoportos": {}
            }
          },
          "Karfiol": {
            "tulajdonságok": {
              "egyedi": {},
              "csoportos": {}
            }
          },
          "Kukorica": {
            "tulajdonságok": {
              "egyedi": {},
              "csoportos": {}
            }
          },
          "Sárgarépa": {
            "tulajdonságok": {
              "egyedi": {},
              "csoportos": {}
            }
          },
          "Spenót": {
            "tulajdonságok": {
              "egyedi": {},
              "csoportos": {}
            }
          },
          "Zöldbab": {
            "tulajdonságok": {
              "egyedi": {},
              "csoportos": {}
            }
          },
          "Zöldségmix": {
            "tulajdonságok": {
              "egyedi": {},
              "csoportos": {}
            }
          }
        }
      },
      "Jégkrém, fagylalt": {
        "tulajdonságok": {
          "egyedi": {},
          "csoportos": {}
        },
        "altípusok": {
          "Multipack": {
            "tulajdonságok": {
              "egyedi": {},
              "csoportos": {}
            }
          },
          "Pálcikás": {
            "tulajdonságok": {
              "egyedi": {},
              "csoportos": {}
            }
          },
          "Tégelyes": {
            "tulajdonságok": {
              "egyedi": {},
              "csoportos": {}
            }
          },
          "Tölcséres": {
            "tulajdonságok": {
              "egyedi": {},
              "csoportos": {}
            }
          },
          "Torta": {
            "tulajdonságok": {
              "egyedi": {},
              "csoportos": {}
            }
          }
        }
      }
    }
  },
  "Gyümölcs": {
    "tulajdonságok": {
      "egyedi": {
        "bio": {},
        "hazai": {},
        "kiszerelés": [
          "csomagolásban",
          "lédig"
        ]
      },
      "csoportos": {}
    },
    "alkategóriák": {
      "Áfonya": {
        "tulajdonságok": {
          "egyedi": {},
          "csoportos": {}
        },
        "altípusok": {}
      },
      "Alma": {
        "tulajdonságok": {
          "egyedi": {
            "színe": [
              "piros",
              "sárga",
              "zöld"
            ],
            "típus": [
              "Bio Natura",
              "Crimson Snow",
              "Evelina",
              "Gála",
              "Giga",
              "Golden",
              "Granny Smith",
              "Idared",
              "Jonagold",
              "Jonagored",
              "Joya",
              "Pink Lady",
              "Red Jonaprince",
              "Red Prince",
              "Egyéb"
            ]
          },
          "csoportos": {}
        },
        "altípusok": {}
      },
      "Ananász": {
        "tulajdonságok": {
          "egyedi": {},
          "csoportos": {}
        },
        "altípusok": {}
      },
      "Banán": {
        "tulajdonságok": {
          "egyedi": {},
          "csoportos": {}
        },
        "altípusok": {}
      },
      "Citrom": {
        "tulajdonságok": {
          "egyedi": {
            "kezeletlen héjú": {}
          },
          "csoportos": {}
        },
        "altípusok": {}
      },
      "Citromnád": {
        "tulajdonságok": {
          "egyedi": {},
          "csoportos": {}
        },
        "altípusok": {}
      },
      "Eper": {
        "tulajdonságok": {
          "egyedi": {},
          "csoportos": {}
        },
        "altípusok": {}
      },
      "Görögdinnye": {
        "tulajdonságok": {
          "egyedi": {
            "fekete héjú": {},
            "magszegény": {},
            "mini": {},
            "sárga hasú": {}
          },
          "csoportos": {}
        },
        "altípusok": {}
      },
      "Gránátalma": {
        "tulajdonságok": {
          "egyedi": {},
          "csoportos": {}
        },
        "altípusok": {}
      },
      "Grapefruit": {
        "tulajdonságok": {
          "egyedi": {},
          "csoportos": {}
        },
        "altípusok": {}
      },
      "Kiwi": {
        "tulajdonságok": {
          "egyedi": {},
          "csoportos": {}
        },
        "altípusok": {}
      },
      "Körte": {
        "tulajdonságok": {
          "egyedi": {
            "típus": [
              "Abate Fetel",
              "Conference",
              "Dazzling",
              "Nashi",
              "Packham Triumph",
              "Piros Carmen",
              "S-Budget",
              "Santa Maria",
              "Egyéb"
            ]
          },
          "csoportos": {}
        },
        "altípusok": {}
      },
      "Lime": {
        "tulajdonságok": {
          "egyedi": {},
          "csoportos": {}
        },
        "altípusok": {}
      },
      "Málna": {
        "tulajdonságok": {
          "egyedi": {},
          "csoportos": {}
        },
        "altípusok": {}
      },
      "Mandarin": {
        "tulajdonságok": {
          "egyedi": {
            "magnélküli": {}
          },
          "csoportos": {}
        },
        "altípusok": {}
      },
      "Meggy": {
        "tulajdonságok": {
          "egyedi": {},
          "csoportos": {}
        },
        "altípusok": {}
      },
      "Narancs": {
        "tulajdonságok": {
          "egyedi": {
            "fajta": [
              "Navel",
              "Egyéb"
            ],
            "kezeletlen héjú": {}
          },
          "csoportos": {}
        },
        "altípusok": {}
      },
      "Sárgadinnye": {
        "tulajdonságok": {
          "egyedi": {
            "típus": [
              "Cantaloupe",
              "Gália",
              "mézdinnye",
              "piel de Sapo",
              "Egyéb"
            ]
          },
          "csoportos": {}
        },
        "altípusok": {}
      },
      "Szeder": {
        "tulajdonságok": {
          "egyedi": {},
          "csoportos": {}
        },
        "altípusok": {}
      },
      "Szilva": {
        "tulajdonságok": {
          "egyedi": {},
          "csoportos": {}
        },
        "altípusok": {}
      },
      "Szőlő": {
        "tulajdonságok": {
          "egyedi": {
            "magnélküli": {},
            "színe": [
              "fehér",
              "kék",
              "piros"
            ]
          },
          "csoportos": {}
        },
        "altípusok": {}
      },
      "Magvak, csonthéjasok": {
        "tulajdonságok": {
          "egyedi": {
            "fajta": [
              "Dió",
              "Fenyőmag",
              "Földimogyoró",
              "Kesudió",
              "Lenmag",
              "Mandula",
              "Napraforgó",
              "Papaya",
              "Paradió",
              "Pekándió",
              "Pisztácia",
              "Szezámmag",
              "Tökmag",
              "Törökmogyoró",
              "Egyéb",
              "Mix"
            ],
            "gyümölcsös": {},
            "héj nélküli": {},
            "sós": {}
          },
          "csoportos": {}
        },
        "altípusok": {}
      },
      "Mix, vegyes": {
        "tulajdonságok": {
          "egyedi": {},
          "csoportos": {}
        },
        "altípusok": {}
      },
      "Egyéb gyümölcs": {
        "tulajdonságok": {
          "egyedi": {},
          "csoportos": {}
        },
        "altípusok": {}
      },
      "Egzotikus": {
        "tulajdonságok": {
          "egyedi": {},
          "csoportos": {}
        },
        "altípusok": {}
      },
      "Gyümölcskonzerv / befőtt": {
        "tulajdonságok": {
          "egyedi": {
            "csomagolás": [
              "Befőtt",
              "Konzerv",
              "Egyéb"
            ],
            "gyümölcs": [
              "Alma",
              "Ananász",
              "Barack",
              "Birsalma",
              "Cseresznye",
              "Eper",
              "Füge",
              "Gesztenye",
              "Gyömbér",
              "Málna",
              "Mandarin",
              "Mangó",
              "Szeder",
              "Szilva",
              "Szőlő",
              "Egyéb",
              "Mix"
            ]
          },
          "csoportos": {}
        },
        "altípusok": {}
      },
      "Aszalt, szárított, chips": {
        "tulajdonságok": {
          "egyedi": {
            "bevonat": {},
            "gyümölcs": [
              "Alma",
              "Ananász",
              "Banán",
              "Barack",
              "Cseresznye",
              "Datolya",
              "Édesburgonya",
              "Eper",
              "Füge",
              "Gesztenye",
              "Goji",
              "Gyömbér",
              "Kókusz",
              "Málna",
              "Mangó",
              "Szilva",
              "Szőlő / Mazsola",
              "Tőzegáfonya",
              "Vörösáfonya",
              "Egyéb",
              "Mix"
            ],
            "tartosítás": [
              "Chips",
              "Főtt",
              "Kandírozott",
              "Liofilizált",
              "Aszalt",
              "Szárított"
            ]
          },
          "csoportos": {}
        },
        "altípusok": {}
      }
    }
  },
  "Hús, hal, felvágott": {
    "tulajdonságok": {
      "egyedi": {},
      "csoportos": {}
    },
    "alkategóriák": {
      "Csirke": {
        "tulajdonságok": {
          "egyedi": {},
          "csoportos": {}
        },
        "altípusok": {
          "Comb": {
            "tulajdonságok": {
              "egyedi": {},
              "csoportos": {}
            }
          },
          "Egész": {
            "tulajdonságok": {
              "egyedi": {},
              "csoportos": {}
            }
          },
          "Farhát": {
            "tulajdonságok": {
              "egyedi": {},
              "csoportos": {}
            }
          },
          "Máj, zúza": {
            "tulajdonságok": {
              "egyedi": {},
              "csoportos": {}
            }
          },
          "Mell": {
            "tulajdonságok": {
              "egyedi": {},
              "csoportos": {}
            }
          },
          "Nyak": {
            "tulajdonságok": {
              "egyedi": {},
              "csoportos": {}
            }
          },
          "Szárny": {
            "tulajdonságok": {
              "egyedi": {},
              "csoportos": {}
            }
          }
        }
      },
      "Felvágottak, húskészítmény": {
        "tulajdonságok": {
          "egyedi": {},
          "csoportos": {}
        },
        "altípusok": {
          "Grillkolbász": {
            "tulajdonságok": {
              "egyedi": {},
              "csoportos": {}
            }
          },
          "Hurka": {
            "tulajdonságok": {
              "egyedi": {},
              "csoportos": {}
            }
          },
          "Kolbász": {
            "tulajdonságok": {
              "egyedi": {},
              "csoportos": {}
            }
          },
          "Párizsi": {
            "tulajdonságok": {
              "egyedi": {},
              "csoportos": {}
            }
          },
          "Sonka": {
            "tulajdonságok": {
              "egyedi": {},
              "csoportos": {}
            }
          },
          "Sült hús szelet": {
            "tulajdonságok": {
              "egyedi": {},
              "csoportos": {}
            }
          },
          "Szalámi": {
            "tulajdonságok": {
              "egyedi": {},
              "csoportos": {}
            }
          },
          "Szalonna": {
            "tulajdonságok": {
              "egyedi": {},
              "csoportos": {}
            }
          },
          "Virsli": {
            "tulajdonságok": {
              "egyedi": {},
              "csoportos": {}
            }
          }
        }
      },
      "Hal": {
        "tulajdonságok": {
          "egyedi": {},
          "csoportos": {}
        },
        "altípusok": {
          "Egyéb hal": {
            "tulajdonságok": {
              "egyedi": {},
              "csoportos": {}
            }
          },
          "Hekk": {
            "tulajdonságok": {
              "egyedi": {},
              "csoportos": {}
            }
          },
          "Lazac": {
            "tulajdonságok": {
              "egyedi": {},
              "csoportos": {}
            }
          },
          "Makréla": {
            "tulajdonságok": {
              "egyedi": {},
              "csoportos": {}
            }
          },
          "Ponty": {
            "tulajdonságok": {
              "egyedi": {},
              "csoportos": {}
            }
          },
          "Süllő": {
            "tulajdonságok": {
              "egyedi": {},
              "csoportos": {}
            }
          },
          "Szardínia": {
            "tulajdonságok": {
              "egyedi": {},
              "csoportos": {}
            }
          },
          "Tőkehal": {
            "tulajdonságok": {
              "egyedi": {},
              "csoportos": {}
            }
          },
          "Tonhal": {
            "tulajdonságok": {
              "egyedi": {},
              "csoportos": {}
            }
          }
        }
      },
      "Halkonzerv": {
        "tulajdonságok": {
          "egyedi": {},
          "csoportos": {}
        },
        "altípusok": {}
      },
      "Húskonzerv": {
        "tulajdonságok": {
          "egyedi": {},
          "csoportos": {}
        },
        "altípusok": {}
      },
      "Kacsa": {
        "tulajdonságok": {
          "egyedi": {},
          "csoportos": {}
        },
        "altípusok": {
          "Comb": {
            "tulajdonságok": {
              "egyedi": {},
              "csoportos": {}
            }
          },
          "Egész": {
            "tulajdonságok": {
              "egyedi": {},
              "csoportos": {}
            }
          },
          "Máj": {
            "tulajdonságok": {
              "egyedi": {},
              "csoportos": {}
            }
          },
          "Mell": {
            "tulajdonságok": {
              "egyedi": {},
              "csoportos": {}
            }
          },
          "Szárny": {
            "tulajdonságok": {
              "egyedi": {},
              "csoportos": {}
            }
          }
        }
      },
      "Májas, pástétom": {
        "tulajdonságok": {
          "egyedi": {},
          "csoportos": {}
        },
        "altípusok": {}
      },
      "Marha": {
        "tulajdonságok": {
          "egyedi": {},
          "csoportos": {}
        },
        "altípusok": {
          "Bélszín": {
            "tulajdonságok": {
              "egyedi": {},
              "csoportos": {}
            }
          },
          "Darált": {
            "tulajdonságok": {
              "egyedi": {},
              "csoportos": {}
            }
          },
          "Egyéb": {
            "tulajdonságok": {
              "egyedi": {},
              "csoportos": {}
            }
          },
          "Lábszár": {
            "tulajdonságok": {
              "egyedi": {},
              "csoportos": {}
            }
          },
          "Oldalas": {
            "tulajdonságok": {
              "egyedi": {},
              "csoportos": {}
            }
          },
          "Rostélyos": {
            "tulajdonságok": {
              "egyedi": {},
              "csoportos": {}
            }
          }
        }
      },
      "Nyúl": {
        "tulajdonságok": {
          "egyedi": {},
          "csoportos": {}
        },
        "altípusok": {}
      },
      "Pulyka": {
        "tulajdonságok": {
          "egyedi": {},
          "csoportos": {}
        },
        "altípusok": {
          "Comb": {
            "tulajdonságok": {
              "egyedi": {},
              "csoportos": {}
            }
          },
          "Egész": {
            "tulajdonságok": {
              "egyedi": {},
              "csoportos": {}
            }
          },
          "Máj": {
            "tulajdonságok": {
              "egyedi": {},
              "csoportos": {}
            }
          },
          "Mell": {
            "tulajdonságok": {
              "egyedi": {},
              "csoportos": {}
            }
          },
          "Szárny": {
            "tulajdonságok": {
              "egyedi": {},
              "csoportos": {}
            }
          }
        }
      },
      "Sertés": {
        "tulajdonságok": {
          "egyedi": {},
          "csoportos": {}
        },
        "altípusok": {
          "Comb": {
            "tulajdonságok": {
              "egyedi": {},
              "csoportos": {}
            }
          },
          "Csülök": {
            "tulajdonságok": {
              "egyedi": {},
              "csoportos": {}
            }
          },
          "Karaj": {
            "tulajdonságok": {
              "egyedi": {},
              "csoportos": {}
            }
          },
          "Lapocka": {
            "tulajdonságok": {
              "egyedi": {},
              "csoportos": {}
            }
          },
          "Oldalas": {
            "tulajdonságok": {
              "egyedi": {},
              "csoportos": {}
            }
          },
          "Tarja": {
            "tulajdonságok": {
              "egyedi": {},
              "csoportos": {}
            }
          }
        }
      },
      "Vad": {
        "tulajdonságok": {
          "egyedi": {},
          "csoportos": {}
        },
        "altípusok": {}
      }
    }
  },
  "Ital": {
    "tulajdonságok": {
      "egyedi": {},
      "csoportos": {}
    },
    "alkategóriák": {
      "Ásványvíz": {
        "tulajdonságok": {
          "egyedi": {
            "savas": [
              "mentes", "enyhén savas", "savas", "extra savas", "szóda"
            ],
            "márka": [
              "Szentkirályi", "Natue aqua", "SPAR Verde", "SPAR Zafír", "SPAR Libra",
              "Emese", "Jana", "Theodora", "Mizse", "Primavera", "Jana Baby", "Aquarel",
              "Vöslauer", "Ferenc József", "Mira", "Evian", "Acqua Panna Toscana",
              "Floewater", "Aquablu", "Glacéau", "Auchan Primavera", "Zafír", "Aqua Minera",
              "Auchan Pannon-Aqua", "Pannon-Aqua", "Fonte Natura", "Veritas", "Comix",
              "Aqua Oxigén", "Primus", "Hargita Gyöngye", "San Banedetto", "Jamnica",
              "Borsec", "San Pellegrino", "Hajdúszoboszlói", "Oonly", "Fit",
              "Tesco Zafír", "Voss", "Füredi OXION"
            ]
          },
          "csoportos": {}
        },
        "altípusok": {}
      },
      "Bor": {
        "tulajdonságok": {
          "egyedi": {
            "palack": ["üveg", "műanyag", "egyéb"],
            "típus": [ "száraz", "félszáraz", "félédes", "édes", "egyéb"],
            "fajta": ["fehér", "vörös", "rosé", "gyümölcs", "egyéb"]
          },
          "csoportos": {}
        },
        "altípusok": {}
      },
      "Energiaital": {
        "tulajdonságok": {
          "egyedi": {
            "márka": [
              "HELL", "Monster", "Red Bull", "New Gen", "Kx Blue Spark",
              "Burn", "Adrealin", "Guarana No Sleep", "Squid Game", "Kobra",
              "Bomba!", "Watt", "After/Before Party", "Swiss", "S-Budget",
              "egyéb"
            ]
          },
          "csoportos": {
            "tartalom": ["vitamin", "energia", "koffein", "rehab"],
            "ízű": [
              "sima",
              "mangó", "görögdinnye", "alma", "kivi", "puncs",
              "guava", "szőlő", "kókusz", "áfonya", "sárkánygyümölcs",
              "kaktusz", "tuttifrutti", "cseresznye", "barack", "maracuja",
              "narancs", "lime", "menta", "eper", "banán", "passiógyümölcs",
              "grapefruit", "szeder", "limonádé",
              "vegyes", "egyéb"
            ]
          }
        },
        "altípusok": {}
      },
      "Ízesített víz": {
        "tulajdonságok": {
          "egyedi": {
            "savas": [
              "mentes", "enyhén savas", "savas", "extra savas", "szóda"
            ],
            "márka": [
              "Tesco", "Vöslauer", "Floewater", "Apenta", "Voss", "Active O2",
              "Aqvital Multivitamin", "Viwa Vitaminwater", "Chernel Fizz Water",
              "Hohes C Vitamin Water", "Theodora", "Jana", "Kubu Waterrr",
              "S-Budget",
              "egyéb"
            ],
            "energia tartalom": [
              "energiamentes", "csökkentett", "cukros"
            ]
          },
          "csoportos": {
            "tartalom": [
              "kollagén", "vitamin"
            ],
            "íz": [
              "alma", "citrom", "bodza", "citromfű", "málna", "áfonya",
              "körte", "uborka", "lime", "menta", "barack", "erdei gyümölcs",
              "egzotikus", "mangó", "hibiszkusz", "narancs", "szeder", "szőlő",
              "aloe vera", "levendula", "grapefruit", "eper",
              "egyéb"
            ]
          }
        },
        "altípusok": {}
      },
      "Kávé, tea, kakaó (száraz)": {
        "tulajdonságok": {
          "egyedi": {},
          "csoportos": {}
        },
        "altípusok": {
          "Instant / kapszulás kávé": {
            "tulajdonságok": {
              "egyedi": {
                "márka": [
                  "Nescafé", "Stockwell & Co.", "Eduscho", "Tchibo",
                  "Davidoff", "Jacobs", "Little's", "Auchan", "Caffé Perté",
                  "Cafe Frei", "L'OR", "Starbucks", "Lavazza", "Senseo",
                  "Omnia", "Maci", "Sweetab", "Mokate", "Nestlé Ricoré", "S-Budget",
                  "Bravos", "Spar", "Illy", "Amaroy", "Barissimo", "La Natura",
                  "Tesco", "Inka", "Cikorina",
                  "egyéb"
                ],
                "fajta": ["kávé", "jeges kávé", "cappuccino", "egyéb"],
                "típus": ["granulátum / por", "tasakos / párnás", "kapszula"],
                "koffeintartalom": ["koffeinmentes", "alacsony", "normál", "intenzív"]
              },
              "csoportos": {
                "íz": [
                  "sima", "krémes", "mogyorós", "karamell", "vanília", "intenzív",
                  "gyömölcsös", "csokoládé", "dió",
                  "egyéb"
                ]
              }
            }
          },
          "Kávé izesítők / tejek / tejporok": {
            "tulajdonságok": {
              "egyedi": {
                "márka": [
                  "Meggle", "Tesco", "Zott", "Completa", "Milram", "Maresi",
                  "MinusL", "Tutti", "Auchan", "Vegabond", "Hochwald", "Spar",
                  "Milsani",
                  "egyéb"
                ],
                "fajta": ["kávétejszín", "krémpor / tejpor", "kávétej", "egyéb"],
                "típus": ["granulátum / por", "tasakos / párnás", "kapszula"]
              },
              "csoportos": {}
            }
          },
          "Őrölt, szemes kávé": {
            "tulajdonságok": {
              "egyedi": {
                "márka": [
                  "Barissimo", "Eduscho", "Bravos", "Omnia", "Gala", "Tchibo",
                  "Segafredo", "Regio", "Spar", "S-Budget", "Paloma", "Karaván",
                  "Dallmayr", "Cafe Frei", "Starbucks", "Pellini", "L'OR", "Auchan",
                  "Biancaffé", "Caffe Degli", "Mantaro", "Tesco",
                  "egyéb"
                ],
                "fajta": ["őrölt", "szemes", "egyéb"],
                "típus": ["granulátum / por", "tasak", "kapszula"],
                "koffeintartalom": ["koffeinmentes", "alacsony", "normál", "intenzív"]
              },
              "csoportos": {
                "íz": [
                  "sima", "krémes", "mogyoró", "karamell", "vanília", "intenzív",
                  "gyömölcsös", "csokoládé", "dió",
                  "egyéb"
                ]
              }
            }
          },
          "Teafű, filteres tea, instant tea": {
            "tulajdonságok": {
              "egyedi": {
                "márka": [
                  "Westminster", "Pickwick", "Teekanne", "Naturland",
                  "Dr. Chen", "Herbária", "Spar", "S-Budget", "Teaház",
                  "Ekland", "Loyd", "Saga", " Milford", "Mokate", "Dilmah",
                  "Vifon", "Tetley", "Lipton", "Sir Morton", "Just a Minute",
                  "Twinings", "Basilur", "English Tea Shop", "Amanda", "Belin",
                  "Auchan", "Tee Time", "London Fruit & Herb", "Posti",
                  "Tesco", "Stockwell & Co.",
                  "egyéb"
                ],
                "típus": ["instant", "filteres", "teafű / keverék"],
                "fajta": ["sima", "zöld", "fekete"]
              },
              "csoportos": {
                "íz":
                  ["citrom", "gyógynövény", "narancs", "eper",
                    "alma", "málna", "gyömbér", "erdeigyümölcs", "áfonya",
                    "szilva", "fajéj", "mangó", "cseresznye", "meggy",
                    "kamilla", "csipkebogyó", "hárs", "bodza", "menta", "citromfű",
                    "csalán", "körömvirág", "homoktövis", "vanília", "muétivitamin",
                    "mandula", "gránátalma", "barack", "szeder", "Tőzegáfonya",
                    "grapefruit", "hibiszkusz", "maracuja", "körte", "lándzsás útifű",
                    "English Breakfast", "Earl Gray", "Oolong",
                    "egyéb"
                  ]
              }
            }
          },
          "Kakaó / Vanília / Egyéb": {
            "tulajdonságok": {
              "egyedi": {
                "márka": [
                  "Mokate", "Nesquik", "Tutti", "Szerencsi", "Thymos", "S-Budget", "Starbucks",
                  "Dr. Oetker", "Siena", "Auchan", "Ovomaltine", "Tesco", "NESCAFÉ", "La Festa",
                  "Good Choice", "Back Family", "Choceur", "Milky Sip", "Twix", "Mars", "MilkyWay",
                  "Mantaro",
                  "egyéb"
                ],
                "íz": ["sima", "fehércsokoládé", "étcsokoládé", "eper", "egyéb"]
              },
              "csoportos": {
                "típus": ["forró csokoládé", "kakaópor", "édesített kakaópor", "milkshake", "szívószál", "vanília",
                          "kapszula"]
              }
            }
          }
        }
      },
      "Habzó-, gyöngyözőbor, boralapú ital": {
        "tulajdonságok": {
          "egyedi": {
            "márka": [
              "Juhász", "Bella Cucina", "Varga", "Barigny", "Mionetto",
              "Bucks Fizz", "Spritzi", "Frescanti", "Natara", "Bosseq",
              "Comedy Wine", "BB", "Petreny", "Teleki", "SE Fall in Love",
              "Grand Tokaj", "Chiarli", "Gere Frici", "Giorgio",
              "Etyaki Kúria", "Bubik", "Hilltop Hill", "Voilá", "Lafi",
              "Eiler", "Konytos", "I Heart", "Ravini Hugo", "Paulus",
              "Feind", "Costellore", "Barn Amarilla", "Veuve Emille",
              "Blue Nun", "Treviso", "NextGen", "La Dolce Vita",
              "Irsai Olivér",
              "egyéb"
            ],
            "alkoholmentes": {},
            "fajta": ["rosé", "fehér", "koktél", "prosecco", "gyümölcsbor", "egyéb"]
          },
          "csoportos": {
            "típus": ["extra száraz", "száraz", "félszáraz", "édes", "brut", "asti", "egyéb"],
            "íz": ["bodza", "lime", "menta", "eper", "mangó", "barack", "narancs", "egyéb"]
          }
        },
        "altípusok": {}
      },
      "Pezsgő": {
        "tulajdonságok": {
          "egyedi": {
            "márka": [
              "Henkell", "Hungaria", "Törley", "Natara", "Martini",
              "Moinetto", "Laposa", "Cinzano", "Kreinbacher", "Sauska",
              "BB", "Louis Francois & Co.", "Moet & Chandon", "Veuve Clicquot",
              "Feind", "Paulus", "Monte Cappella", "Bohém", "Freixenet",
              "Reserve", "Codorníu", "Francois President", "Teleki", "Bodri",
              "Garamvári", "Zonin", "Kölyök", "Bello!", "Celebration Party",
              "Szovjetszkoje", "Süsü", "Tini", "Sharky", "Saumur ",
              "Crémant d'alsace", "Cuvée Agnes", "Vollereaux", "G.H. Mumm",
              "Garrone Dolcevita", "Ca' di Rajo Mito", "Bottega", "Menolia",
              "Blue Nun", "Mionetto", "Gancia", "Pere Ventura", "Juve & Camps",
              "Rex Danubius","Mészáros", "Chateau Dereszla", "Babits",
              "egyéb"
            ],
            "szín": ["fehér", "rosé", "vörös"],
            "típus": ["extra száraz", "száraz", "félédes", "édes", "extra édes", "egyéb"],
            "alkoholos": ["alkoholos", "alkoholmentes", "kölyökpezsgő"]
          },
          "csoportos": {}
        },
        "altípusok": {}
      },
      "Alkoholok": {
        "tulajdonságok": {
          "egyedi": {},
          "csoportos": {}
        },
        "altípusok": {
          "Likőr": {
            "tulajdonságok": {
              "egyedi": {
                "márka": [
                  "Boonekamp", "Riquet", "Blackstone", "St. Almtaler",
                  "Jägermaister", "Zwack Unicum", "Tátratea", "Mini",
                  "Baileys", "Saint's", "Mozart", "Opyyum", "Angelli",
                  "Carolans", "Fütyülős",  "St. Hubertus", "Tipli",
                  "Bitter", "Bols Advocaat", "Walden", "Sütő", "Malibu",
                  "Berntzen", "Kürt", "Vilmos", "Becherovka", "Rézangyal",
                  "Lloyd", "Kick the Rules", "Beregi", "Szent Márk",
                  "Royal", "Auchan", "Lafi", "Ciemme", "Bottega", "Garrone",
                  "Koskenkorva", "Magna", "Bombardino", "Ramazotti", "Casali",
                  "Manner", "Wolf & Lamb", "Carolans", "Campari", "Cointreau",
                  "Fireball", "Sheridan's", "Disaronno", "Bumbu Cream",
                  "Beluga", "Tokaj", "Mátyás", "Tropical", "Helenas",
                  "Kahlúa", "Takamaka", "Várda", "Amaretto", "Tubi 60",
                  "Pilvax", "Cseles", "Herb's", "Bitter & Lime", "Berliner",
                  "Underberg", "Cream Heroes",
                  "egyéb"
                ],
                "fajta": [
                  "tojáslikőr", "csokoládélikőr", "gyomorkeserű", "tealikőr", "máklikőr",
                  "karamellalikőr", "gyümölcslikőr", "kávélikőr", "diólikőr",
                  "egyéb"
                ],
                "gyógynövényes": {}
              }
            }
          },
          "Whisky & Bourbon": {
            "tulajdonságok": {
              "egyedi": {
                "márka": [
                  "Statesman", "Jack Daniel's", "Ballantine's", "Chivas Regal",
                  "Maker's Mark", "The Famous Grouse", "Tullamore D.E.W.", "Jameson",
                  "Jim Beam", "Connemara", "Hankey Bannister", "Grant's", "Hatozaki",
                  "Joe Black", "Talisker", "Black Velvet", "Teeling", "Johnnie Walker",
                  "The Singleton", "The Glenlivet", "Glenmorangie", "Bulleti",
                  "Woodford", "Monkey Shoulder", "Nikka Days", "Teacher's",
                  "Sir Edward's", "Joe Roberts", "Southern Comfort", "Cutty Sark",
                  "Hunting Lodge", "Four Roses", "Rebel", "Kilbeggan",
                  "Isle of Skye", "Arran Barrel", "Akashi", "The Deacon",
                  "Gentleman Jack", "Agárdi", "Daimyo-No", "Togouchi", "Mars Kasei",
                  "The Irishman", "Highland Park", "Jura", "Tomatin",  "Green Spot",
                  "Bruichladdich", "Aberlour", "Auchentoshan", "Caol Ila", "Lagavulin",
                  "Hibiki", "Tesco", "Scots Club","Shanky's Whip", "Laphroaig",
                  "Joe Rebel",
                  "egyéb"
                ]
              },
              "csoportos": {
                "íz": [
                  "méz", "alma", "fajéj", "cseresznye", "narancs", "egzotikus gyümölcsök",
                  "egyéb"
                ]
              }
            }
          },
          "Gin": {
            "tulajdonságok": {
              "egyedi": {
                "Márka": [
                  "Mandaley", "Johnsen", "Bombay", "Bulldog",
                  "Tanqueary", "Kalumba", "Agárdi", "Seven Hills",
                  "Finsbury", "Roku", "Gordon's", "Hendrick's",
                  "Beefeater", "Bumbu", "Opera", "Malfy", "Oxford",
                  "Guyana", "Conentry", "Marine", "Old Inn", "Lairos",
                  "London Hill", "Edinburgh", "Citadelle", "Criminal",
                  "Malfy", "Harahorn", "Búzavirág", "Caorunn", "Balaton",
                  "Opihr", "Brockmans", "Knut Hansen", "Drumshanbo",
                  "The Botanist", "Copperhead", "Gin Mare", "Ironcides",
                  "Old Tower", "Tarsier", "Ukiyo", "The Foxtale",
                  "egyéb"
                ],
                "gyümölcsös": {}
              },
              "csoportos": {}
            }
          },
          "Rum": {
            "tulajdonságok": {
              "egyedi": {
                "márka": [
                  "Captain Morgan", "Bacardi", "Portorico", "Bumbu", "Takamaka",
                  "Diplomático", "Planteray", "Zacapa", "República de Cana",
                  "Don Papa", "El Nino", "Casino", "El Galipote", "Ching Shih",
                  "Stro", "Havana Club", "Ron Roquez", "Pitú Cachaca", "Abuelo",
                  "St Simon", "Sailor Jerry", "Stroh", "Plantation", "Dead Man's Fingers",
                  "Beach House", "Dictator", "The Kraken", "Pyrat", "Brugal", "Zacapa",

                  "egyéb"
                ],
                "fajta": ["gold", "fehér", "fűszeres", "sima", "gyömülcsös", "egyéb"]
              },
              "csoportos": {}
            }
          },
          "Tequila": {
            "tulajdonságok": {
              "egyedi": {
                "márka": [
                  "Sierra", "Olmeca", "Don Severino", "Jose Cuervo",
                  "Don Ramón", "Mezcal",
                  "egyéb"
                ]
              },
              "csoportos": {}
            }
          },
          "Vodka": {
            "tulajdonságok": {
              "egyedi": {
                "márka": [
                  "Kalinka", "Royal", "Zubrowka", "Finlandia", "Pannónia",
                  "Absolut", "Red Crown", "Nicolaus", "Wyborowa", "Dworakoff",
                  "Bols Marine", "Poliakov", "Romanof", "Yassnaya", "Helsinki",
                  "Russian Standard", "Stolichnaya", "Koskenkorva", "Three Sixty",
                  "Opera", "Smirnoff", "Criminal", "Titos Handmade", "NEFT",
                  "Grey Goose", "Crystal Head", "Beluga", "Belvedere",
                  "Kaiser Herbal", "Alaska", "Tipli", "Girja", "Ciroc", "Kazakoff",
                  "Spacerowa",
                  "egyéb"
                ],
                "fajta": ["sima", "gyümölcsös", "egyéb"]
              },
              "csoportos": {}
            }
          },
          "Vermuth": {
            "tulajdonságok": {
              "egyedi": {
                "márka": [
                  "Martini", "Angielli", "Garrone",
                  "egyéb"
                ],
                "fajta": ["extra száraz", "száraz", "édes", "extra édes", "egyéb"]
              },
              "csoportos": {}
            }
          },
          "Pálinka": {
            "tulajdonságok": {
              "egyedi": {
                "márka": [
                  "Martini", "Angielli", "Garrone",
                  "egyéb"
                ],
                "fajta": ["extra száraz", "száraz", "édes", "extra édes", "egyéb"]
              },
              "csoportos": {
                "íz": ["szilva", "körte", "barack", "dió", "alma", "meggy", "cseresznye", "egyéb"]
              }
            }
          },
          "Koktél, Rögtön iható, Egyéb": {
            "tulajdonságok": {
              "egyedi": {},
              "csoportos": {
                "alkohol": [
                  "rum", "vodka", "likőr", "gin", "tonik", "tequila", "vermuth", "pálinka",
                  "whisky", "brandy", "bor", "konyak", "aperitív",
                  "egyéb"
                ],
                "íz": [
                  "kóla", "barack", "lime", "kókusz", "alma", "csersznye",
                  "meggy", "szilva", "körte", "narancs", "citrom", "csokoládé", "görögdinnye",
                  "sárgadinnye", "Mojito", "Pina Colada", "Blue Lagoon", "Cosmopolitan",
                  "Sex On The Beach", "eper", "gyömbér", "ananász", "ánizs", "méz",
                  "Margarita", "Cuba Libre",
                  "egyéb"
                ]
              }
            }
          }
        }
      },
      "Sör": {
        "tulajdonságok": {
          "egyedi": {
            "márka": [
              "Dreher", "Karlskrone", "Bergkönig", "Kőbányai", "Borsodi",
              "Gösser", "Soproni", "Staropramen", "Peroni", "Haineken",
              "Kronenbourg", "Sixtusbräu", "Corona", "Pilsner", "Csíki",
              "Pannonhalmi FS", "Horizont", "Fehér Nyúl", "Monyo", "First Craft",
              "BrewDog", "First Voodoo", "Lindemans", "Mad Scientist", "Aha!",
              "Arany Ászok", "Hofbräu", "Kozel", "Asahi", "Estrella", "Coors",
              "Miller", "1664 Blanc", "Pécsi", "Szalon", "Birra Moretti",
              "Edekweiss", "Krusovice", "Arany Fácán", "Budweiser Budvar",
              "Hoegaarden", "Tuborg", "Löwenbräu", "Carlsberg", "Beck's",
              "Leffe", "Steffl", "Bitburger", "Paulaner", "Garage Hard",
              "Guinness", "BE(er) Cool", "Szent András", "Puskás 10", "Mort Subite",
              "Desperados", "X2", "Szia Uram!", "Dab", "Radler Reboost", "Union",
              "Gallica", "Köstritzer", "Svijany", "Berliner Kindl", "Krombacher",
              "Welsenburg", "Arany Szarvas", "Zipfer", "Holsten", "Duff", "Mythos",
              "Old Prague", "Zlaty", "Platan", "Lasko", "Lobkowicz",
              "Amstel", "Primator", "Karlovacko", "Augustiner", "Ambar",
              "Daura Damm", "Hunyadi Mátyás", "Servus", "Rákóczi", "Rastinger",
              "Bad Dogs", "Wundertal", "Friss",
              "egyéb"
            ],
            "alkoholmentes": {},
            "kézműves": {}
          },

          "csoportos": {
            "típus": ["világos", "barna", "radler", "lager", "búzasör", "pils", "ipa", "ale", "lambic"],
            "iz": [
              "sima", "citrom", "lime", "menta", "mangó", "licsi", "málna", "meggy",
              "feketeribizli", "barack", "spritz", "eper", "agávé",
              "egyéb"
            ]
          }
        }
      },
      "Cider": {
        "tulajdonságok": {
          "egyedi": {
            "márka": [
              "Ravini", "Somersby", "Strongbow", "Kopparberg",
              "egyéb"
            ]
          },

          "csoportos": {
            "iz": ["alma", "szeder", "spritz", "áfonya", "málna" , "lime", "mix", "körte", "passionfruit", "egyéb"]
          }
        }
      },
      "Sportital": {
        "tulajdonságok": {
          "egyedi": {
            "márka": [
              "Powerade", "Prime Hydratio", "Vitalade", "Gatorade", "Vöslauer",
              "Apenta", "Auchan", "PRO+", "Absolute LifeStyle", "Collagen Vibe",
              "egyéb"
            ]
          },
          "csoportos": {
            "tartalom": ["vitamin", "energia", "koffein", "izotóniás", "magnézium", "kollagén"],
            "ízű": [
              "ananász", "mangó", "citrom", "vérnarancs", "málna",
              "multivitamin", "eper", "narancs", "áfonya", "fekete ribizli",
              "gránátalma", "bodza", "kaktusz", "papaja",
              "vegyes", "egyéb"
            ]
          }
        },
        "altípusok": {}
      },
      "Citromlé": {
        "tulajdonságok": {
          "egyedi": {
            "márka": [
              "Olypos", "Tesco", "Rauch", "Sconto", "Fruppy",
              "Limmi", "Fruit Step", "Pfanner",
              "Auchan",

              "egyéb"
            ],
            "citrom/lime": ["citrom", "lime"],
            "citrom tartalom": ["40%", "50%", "100%", "egyéb/?"]
          },
          "csoportos": {}
        },
        "altípusok": {}
      },
      "Szörp, üdítőitalpor": {
        "tulajdonságok": {
          "egyedi": {
            "márka": [
              "Pölöskei", "Tesco", "Piroska", "Rauch", "FruttaMax Bubble",
              "Szobi", "Stockwell & Co.", "Dr. Oetker", "Arizona", "Auchan",
              "Nektária", "S-Budget", "Méhes-Mézes", "Mautner",
              "egyéb"
            ],
            "energia tartalom": ["zéró", "csökkentett", "cukros"],
            "por": {}
          },
          "csoportos": {
            "iz": [
              "málna", "mangó", "eper", "narancs", "alma", "bodza",
              "grapefruit", "citrom", "menta", "levendula", "cseresznye",
              "meggy", "kóla", "szilva", "zöld tea", "csipkebogyó", "áfonya",

              "egyéb"
            ]
          }
        },
        "altípusok": {}
      },
      "Üdítőital": {
        "tulajdonságok": {
          "egyedi": {},
          "csoportos": {}
        },
        "altípusok": {
          "Jegestea": {
            "tulajdonságok": {
              "egyedi": {
                "márka": [
                  "XIXO", "Fuze Tea", "Nestea", "Lipton", "Márka", "Jana",
                  "Rauch MyTea", "San Benedetto", "Tesco", "Arizona", "OMG Bubble tea",
                  "San Benedetto", "Sconto Ice Tea", "Bobble Bobble Bob", "Auchan",
                  "Tutti Tea", "Viwa Vitamintea", "SPAR",
                  "egyéb"
                ]
              },
              "csoportos": {
                "izű": [
                  "citrom", "barack", "zöld tea", "eper", "lime", "málna",
                  "görögdinnye", "fekete tea", "trópusi", "feketeribizli",
                  "birsalma",
                  "egyéb"
                ]
              }
            }
          },
          "Szénsavas üdítő": {
            "tulajdonságok": {
              "egyedi": {
                "márka": [
                  "Coca-Cola", "Fanta", "Márka", "XIXO", "Pepsi",
                  "Kinley", "Schweppes", "Sprite", "Apenta", "Stockwell & Co.",
                  "Mizse", "Gyöngy", "Canada Dry", "7Up", "Miranda", "Dr Pepper",
                  "Tesco", "Nature Aqua", "Almdudler", "Mountain Dew", "Topjoy",
                  "Fever-Tree", "Vöslauer", "Double Dutch", "Aqvital", "Karamalz",
                  "Auchan", "J. Gasco", "Queen", "Fentimans", "San Pellegrino",
                  "San Benedetto", "Tutti Juice", "Traubisoda", "NBER", "Smurfy",
                  "SPAR", "S-Budget", "Chernel Fizz Water", "Royal Crown",
                  "egyéb"
                ],
                "energia tartalom": [
                  "zéró", "csökkentett", "cukros"
                ],
                "édesítőszeres": {}
              },
              "csoportos": {
                "ízű": [
                  "kóla", "meggy", "citrom", "lime", "gyömbér", "tonik",
                  "bogyós gyümölcsös", "feketeribizli", "narancs", "eper",
                  "bodza", "szőlő", "málna", "maracuja", "ananász", "alma",
                  "kiwi", "görögdinnye", "limonádé", "mangó", "vanília",
                  "körte", "levendula", "gránátalma", "tuttifrutti", "cseresznye",
                  "grapefruit", "multivitamin", "jaffa",
                  "vegyes","egyéb"
                ]
              }
            }
          },
          "Gyümölcslé és Zöldséglé": {
            "tulajdonságok": {
              "egyedi": {
                "márka": [
                  "Happy Day", "SPAR", "Hohes C", "Sió", "Hey-Ho",
                  "Topjoy", "Kubu", "Cappy", "Limenita", "Rauch",
                  "S-Budget", "Power Fruit", "Univer", "Szobi",
                  "Auchan", "Golden Valley", "Sweet&Fruit", "Olympos",
                  "DÉR Juice", "Pfanner", "Koch", "Tesco", "Apenta",
                  "Capri-Sun", "Swiss", "Funky Forest", "Andros", "Rio",
                  "Aqvital", "Aloe Vera", "Queen", "Biopont",
                  "egyéb"
                ]
              },
              "csoportos": {
                "íz": [
                  "narancs", "sárgarépa", "meggy", "feketeribizli", "őszibarack",
                  "körte", "ananász", "multivitamin", "alma", "banán", "eper",
                  "zöldalma", "paradicsom", "görögdinnye", "limonádé", "erdeigyümölcs",
                  "kiwi", "áfonya", "mangó", "cékla", "szőlő", "kékszőlő", "sárkánygyümölcs",
                  "szilva", "fahéj", "kókusz", "aloe vera",
                  "zöldséges", "vegyes", "egyéb"
                ],
                "jellemzők": ["rostos", "gyömülcs püré", "100%", "csökkentett kalóriatartalom", "100% alatt"]
              }
            }
          }
        }
      }
    }
  },
  "Készétel": {
    "tulajdonságok": {
      "egyedi": {},
      "csoportos": {}
    },
    "alkategóriák": {}
  },
  "Mentes, speciális": {
    "tulajdonságok": {
      "egyedi": {},
      "csoportos": {}
    },
    "alkategóriák": {
      "Bio": {
        "tulajdonságok": {
          "egyedi": {},
          "csoportos": {}
        },
        "altípusok": {}
      },
      "Diétás, diabetikus": {
        "tulajdonságok": {
          "egyedi": {},
          "csoportos": {}
        },
        "altípusok": {}
      },
      "Egyéb": {
        "tulajdonságok": {
          "egyedi": {},
          "csoportos": {}
        },
        "altípusok": {}
      },
      "Gluténmentes termék": {
        "tulajdonságok": {
          "egyedi": {},
          "csoportos": {}
        },
        "altípusok": {}
      },
      "Laktózmentes termék": {
        "tulajdonságok": {
          "egyedi": {},
          "csoportos": {}
        },
        "altípusok": {}
      },
      "Paleo": {
        "tulajdonságok": {
          "egyedi": {},
          "csoportos": {}
        },
        "altípusok": {}
      },
      "Protein termék": {
        "tulajdonságok": {
          "egyedi": {},
          "csoportos": {}
        },
        "altípusok": {}
      },
      "Vegán": {
        "tulajdonságok": {
          "egyedi": {},
          "csoportos": {}
        },
        "altípusok": {}
      }
    }
  },
  "Pékáru": {
    "tulajdonságok": {
      "egyedi": {
        "fagyasztott": {}
      },
      "csoportos": {}
    },
    "alkategóriák": {
      "Bagett": {
        "tulajdonságok": {
          "egyedi": {},
          "csoportos": {
            "fajta": [
              "kovászos", "rusztikus", "fehér", "hagymás", "magvas",
              "egyéb"
            ]
          }
        },
        "altípusok": {}
      },
      "Kenyér": {
        "tulajdonságok": {
          "egyedi": {
            "szeletelt": {},
            "csökkentett kalóriatartalmú": {},
            "gluténmentes": {}
          },
          "csoportos": {
            "fajta": [
              "fehér", "teljes kiőrlésű", "rozsos", "kovászos", "magvas", "paradicsomos",
              "diós", "korpás", "toast / szendvics", "durum", "fit", "olivás", "tökmagos",
              "burgonyás", "félbarna", "Graham", "hagymás", "lenmagos", "johurtos", "sárgarépás",

              "egyéb"
            ]
          }
        }
      },
      "Kifli": {
        "tulajdonságok": {
          "egyedi": {
            "sajtos": {},
            "óriás": {},
            "nosztalgia": {},
            "tejes": {},
            "sós": {}
          },
          "csoportos": {}
        },
        "altípusok": {}
      },
      "Zsemle": {
        "tulajdonságok": {
          "egyedi": {},
          "csoportos": {
            "fajta": [
              "teljes kiőrlésű", "császár", "vizes", "magvas",
              "egyéb"
            ]
          }
        },
        "altípusok": {}
      },
      "Tortilla lap": {
        "tulajdonságok": {
          "egyedi": {},
          "csoportos": {
            "fajta": [
              "teljes kiőrlésű", "fehér", "magvas",
              "egyéb"
            ]
          }
        },
        "altípusok": {}
      },
      "Kalács": {
        "tulajdonságok": {
          "egyedi": {},
          "csoportos": {
            "íz": [
              "natúr", "kakaós", "kókuszos", "mazsolás", "mézes",
              "egyéb"
            ]
          }
        },
        "altípusok": {}
      },
      "Pogácsa": {
        "tulajdonságok": {
          "egyedi": {},
          "csoportos": {
            "íz": [
              "natúr", "sajtos", "magvas", "tepertős", "tökmagos", "burgonyás",
              "egyéb"
            ]
          }
        },
        "altípusok": {}
      },
      "Hotdog buci és hamburger zsemle": {
        "tulajdonságok": {
          "egyedi": {
            "fúrt hotdog kifli": {}
          },
          "csoportos": {
            "fajta": [
              "natúr", "szezámos", "magvas", "teljes kiőrlésű",
              "egyéb"
            ]
          }
        },
        "altípusok": {}
      },
      "Kétszersült, extrudált kenyér": {
        "tulajdonságok": {
          "egyedi": {
          },
          "csoportos": {
            "fajta": [
              "natúr", "szezámos", "magvas", "teljes kiőrlésű", "rozsos",
              "kukoricás",
              "egyéb"
            ]
          }
        },
        "altípusok": {}
      },
      "Croissant": {
        "tulajdonságok": {
          "egyedi": {
            "csomagolt": {},
            "mini": {}
          },
          "csoportos": {
            "fajta": [
              "natúr", "sajtos", "lekváros", "csokis", "vaníliás",
              "magvas", "teljes kiőrlésű",
              "egyéb"
            ]
          }
        },
        "altípusok": {}
      },
      "Fánk": {
        "tulajdonságok": {
          "egyedi": {
            "csomagolt": {},
            "mini": {}
          },
          "csoportos": {
            "fajta": [
              "natúr", "mogyorós", "lekváros", "csokis", "vaníliás", "citromos",
              "cukros", "Oreo",
              "egyéb"
            ]
          }
        },
        "altípusok": {}
      },
      "Egyéb édes pékáru": {
        "tulajdonságok": {
          "egyedi": {
            "csomagolt": {},
            "fajta": [
              "csiga", "táska", "párna", "batyu", "briós", "rúd", "patkó",
              "pite", "kifli", "muffin", "levél",
              "egyéb"
            ]
          },
          "csoportos": {
            "íz": [
              "mákos", "meggyes", "vaníliás", "csokis", "mézes", "lekváros",
              "barackos", "fahéjas", "diós", "szilvás", "almás", "gesztenyés",
              "kakaós",
              "egyéb"
            ]
          }
        }
      },
      "Egyéb sós pékáru": {
        "tulajdonságok": {
          "egyedi": {
            "fajta": [
              "csiga", "táska", "párna", "batyu", "rúd", "patkó", "pizza",
              "perec", "roló", "kifli", "levél",
              "egyéb"
            ]
          },
          "csoportos": {
            "íz": [
              "mákos", "sajtos", "pizzás", "virslis", "ketchup", "mustáros",
              "májas", "kukoricás", "spenótos", "rikottás", "csirkés", "hagymás",
              "piszáciás", "sós", "natúr",
              "egyéb"
            ]
          }
        }
      },
      "Puffasztott, lepény, golyók": {
        "tulajdonságok": {
          "egyedi": {
            "bio": {},
            "gluténmentes": {},
            "típus": [
              "puffasztott rizs", "kukorica lepény", "rozs lepény",
              "egyéb"
            ]
          },
          "csoportos": {
            "fajta": [
              "rizs", "kukorica", "lencse", "rozs", "pizzás", "barna rizs",
              "natúr", "sós", "szezámmagos", "sajtos",
              "egyéb"
            ]
          }
        }
      }
    }
  },
  "Sütemény, desszert, torta": {
    "tulajdonságok": {
      "egyedi": {
        "fagyasztott": {},
        "csomagolt": {},
        "édes": {},
        "sós": {}
      },
      "csoportos": {
        "fajta": [
          "torta", "teasütemény", "sütemény", "Marlenka", "linzer",
          "szelet sütemény", "mignon",
          "desszert", "gesztenyepüré", "somlói galuska", "isler",
          "egyéb"
        ]
      }
    }
  },
  "Tejtermékek és tojás": {
    "tulajdonságok": {
      "egyedi": {},
      "csoportos": {}
    },
    "alkategóriák": {
      "Joghurt": {
        "tulajdonságok": {
          "egyedi": {},
          "csoportos": {}
        },
        "altípusok": {
          "Görög": {
            "tulajdonságok": {
              "egyedi": {},
              "csoportos": {}
            }
          },
          "Gyümölcsös": {
            "tulajdonságok": {
              "egyedi": {},
              "csoportos": {}
            }
          },
          "Laktózmentes": {
            "tulajdonságok": {
              "egyedi": {},
              "csoportos": {}
            }
          },
          "Natúr": {
            "tulajdonságok": {
              "egyedi": {},
              "csoportos": {}
            }
          },
          "Protein": {
            "tulajdonságok": {
              "egyedi": {},
              "csoportos": {}
            }
          }
        }
      },
      "Krémtúró": {
        "tulajdonságok": {
          "egyedi": {},
          "csoportos": {}
        },
        "altípusok": {}
      },
      "Margarin": {
        "tulajdonságok": {
          "egyedi": {},
          "csoportos": {}
        },
        "altípusok": {}
      },
      "Növényi ital": {
        "tulajdonságok": {
          "egyedi": {},
          "csoportos": {}
        },
        "altípusok": {}
      },
      "Sajt": {
        "tulajdonságok": {
          "egyedi": {},
          "csoportos": {}
        },
        "altípusok": {
          "Félkemény": {
            "tulajdonságok": {
              "egyedi": {},
              "csoportos": {}
            }
          },
          "Friss": {
            "tulajdonságok": {
              "egyedi": {},
              "csoportos": {}
            }
          },
          "Füstölt": {
            "tulajdonságok": {
              "egyedi": {},
              "csoportos": {}
            }
          },
          "Grill/snack sajt": {
            "tulajdonságok": {
              "egyedi": {},
              "csoportos": {}
            }
          },
          "Kemény": {
            "tulajdonságok": {
              "egyedi": {},
              "csoportos": {}
            }
          },
          "Kenhető": {
            "tulajdonságok": {
              "egyedi": {},
              "csoportos": {}
            }
          },
          "Lágy": {
            "tulajdonságok": {
              "egyedi": {},
              "csoportos": {}
            }
          },
          "Ömlesztett": {
            "tulajdonságok": {
              "egyedi": {},
              "csoportos": {}
            }
          }
        }
      },
      "Sajt, vaj és szendvics krémek": {
        "tulajdonságok": {
          "egyedi": {},
          "csoportos": {}
        },
        "altípusok": {}
      },
      "Tej": {
        "tulajdonságok": {
          "egyedi": {},
          "csoportos": {}
        },
        "altípusok": {}
      },
      "Tejdesszert, puding": {
        "tulajdonságok": {
          "egyedi": {},
          "csoportos": {}
        },
        "altípusok": {}
      },
      "Tejföl": {
        "tulajdonságok": {
          "egyedi": {},
          "csoportos": {}
        },
        "altípusok": {}
      },
      "Tejital": {
        "tulajdonságok": {
          "egyedi": {},
          "csoportos": {}
        },
        "altípusok": {
          "Író": {
            "tulajdonságok": {
              "egyedi": {},
              "csoportos": {}
            }
          },
          "Italjoghurt": {
            "tulajdonságok": {
              "egyedi": {},
              "csoportos": {}
            }
          },
          "Jegeskávé": {
            "tulajdonságok": {
              "egyedi": {},
              "csoportos": {}
            }
          },
          "Kakaó": {
            "tulajdonságok": {
              "egyedi": {},
              "csoportos": {}
            }
          },
          "Kefir": {
            "tulajdonságok": {
              "egyedi": {},
              "csoportos": {}
            }
          }
        }
      },
      "Tejszín": {
        "tulajdonságok": {
          "egyedi": {},
          "csoportos": {}
        },
        "altípusok": {}
      },
      "Tojás": {
        "tulajdonságok": {
          "egyedi": {},
          "csoportos": {}
        },
        "altípusok": {}
      },
      "Túró": {
        "tulajdonságok": {
          "egyedi": {},
          "csoportos": {}
        },
        "altípusok": {}
      },
      "Vaj": {
        "tulajdonságok": {
          "egyedi": {},
          "csoportos": {}
        },
        "altípusok": {}
      }
    }
  },
  "Zöldség": {
    "tulajdonságok": {
      "egyedi": {},
      "csoportos": {}
    },
    "alkategóriák": {
      "Bab": {
        "tulajdonságok": {
          "egyedi": {
            "fajta": [
              "Ceruzabab",
              "Fehérbab",
              "Gyöngybab",
              "Mungóbab",
              "Tarkabab",
              "Vörösbab",
              "Zöldbab",
              "Egyéb"
            ]
          },
          "csoportos": {}
        },
        "altípusok": {}
      },
      "Borsófélék": {
        "tulajdonságok": {
          "egyedi": {
            "fajta": [
              "Csicseriborsó",
              "Sárgaborsó",
              "Zöldborsó"
            ]
          },
          "csoportos": {}
        },
        "altípusok": {}
      },
      "Brokkoli": {
        "tulajdonságok": {
          "egyedi": {},
          "csoportos": {}
        },
        "altípusok": {}
      },
      "Burgonya": {
        "tulajdonságok": {
          "egyedi": {
            "fajta": [
              "Édesburgonya",
              "Étkezési",
              "Újburgonya"
            ],
            "színe": [
              "Piros", "Sárga"
            ]
          },
          "csoportos": {}
        },
        "altípusok": {}
      },
      "Cékla": {
        "tulajdonságok": {
          "egyedi": {},
          "csoportos": {}
        },
        "altípusok": {}
      },
      "Csomagolt saláta, salátatál": {
        "tulajdonságok": {
          "egyedi": {},
          "csoportos": {}
        },
        "altípusok": {}
      },
      "Egyéb zöldség": {
        "tulajdonságok": {
          "egyedi": {},
          "csoportos": {}
        },
        "altípusok": {}
      },
      "Fehérrépa": {
        "tulajdonságok": {
          "egyedi": {},
          "csoportos": {}
        },
        "altípusok": {}
      },
      "Gomba": {
        "tulajdonságok": {
          "egyedi": {
            "fajta": [
              "Csierke",
              "Laska",
              "Portobello",
              "Vargánya",
              "Egyéb",
              "Mix"
            ]
          },
          "csoportos": {}
        },
        "altípusok": {}
      },
      "Hagymafélék": {
        "tulajdonságok": {
          "egyedi": {
            "fajta": [
              "Fehérhagyma",
              "Fokhagyma",
              "Lilahagyma",
              "Póréhagyma",
              "Újhagyma",
              "Vöröshagyma",
              "Egyéb"
            ]
          },
          "csoportos": {}
        },
        "altípusok": {}
      },
      "Káposzta": {
        "tulajdonságok": {
          "egyedi": {
            "fajta": [
              "Fejeskáposzta",
              "Kelkáposzta",
              "Kínai kel",
              "Lilakáposzta",
              "Egyéb"
            ]
          },
          "csoportos": {}
        },
        "altípusok": {}
      },
      "Karalábé": {
        "tulajdonságok": {
          "egyedi": {},
          "csoportos": {}
        },
        "altípusok": {}
      },
      "Karfiol": {
        "tulajdonságok": {
          "egyedi": {
            "fajta": [
              "Lila",
              "Sárga",
              "Sima"
            ]
          },
          "csoportos": {}
        },
        "altípusok": {}
      },
      "Kelbimbó": {
        "tulajdonságok": {
          "egyedi": {},
          "csoportos": {}
        },
        "altípusok": {}
      },
      "Kukorica": {
        "tulajdonságok": {
          "egyedi": {},
          "csoportos": {}
        },
        "altípusok": {}
      },
      "Lencse": {
        "tulajdonságok": {
          "egyedi": {
            "fajta": [
              "Étkezési lencse",
              "Vörös lencse",
              "Zöld lencse",
              "Egyéb"
            ]
          },
          "csoportos": {}
        },
        "altípusok": {}
      },
      "Mix, vegyes": {
        "tulajdonságok": {
          "egyedi": {},
          "csoportos": {}
        },
        "altípusok": {}
      },
      "Paprika": {
        "tulajdonságok": {
          "egyedi": {
            "erős, csípős": {},
            "fajta": [
              "Chili",
              "Jalapeno",
              "Kaliforniai",
              "Kápia",
              "Lecsó",
              "Sima",
              "TV",
              "Egyéb"
            ],
            "színe": [
              "Fehér",
              "Piros",
              "Zöld",
              "Mix"
            ]
          },
          "csoportos": {}
        },
        "altípusok": {}
      },
      "Paradicsom": {
        "tulajdonságok": {
          "egyedi": {
            "fajta": [
              "Avalantino",
              "Bébiszilva",
              "Bugaci",
              "Cherry",
              "Delisher",
              "Eper",
              "Grill",
              "Koktél",
              "Kumato",
              "Marmanade",
              "San Marzano",
              "Sima",
              "Szilva",
              "Egyéb"
            ],
            "fürtös": {},
            "színe": [
              "Piros",
              "Sárga",
              "Egyéb"
            ]
          },
          "csoportos": {}
        },
        "altípusok": {}
      },
      "Retekfélék": {
        "tulajdonságok": {
          "egyedi": {},
          "csoportos": {}
        },
        "altípusok": {}
      },
      "Salátafélék": {
        "tulajdonságok": {
          "egyedi": {
            "fajta": [
              "Fejes",
              "Jég",
              "Római"
            ]
          },
          "csoportos": {}
        },
        "altípusok": {}
      },
      "Sárgarépa": {
        "tulajdonságok": {
          "egyedi": {},
          "csoportos": {}
        },
        "altípusok": {}
      },
      "Sóska, spenót": {
        "tulajdonságok": {
          "egyedi": {},
          "csoportos": {}
        },
        "altípusok": {}
      },
      "Tökféle, cukkini, padlizsán": {
        "tulajdonságok": {
          "egyedi": {},
          "csoportos": {}
        },
        "altípusok": {}
      },
      "Uborka": {
        "tulajdonságok": {
          "egyedi": {
            "fajta": [
              "Fürtös",
              "Kígyúuborka",
              "Kovászolni való",
              "Mini"
            ]
          },
          "csoportos": {}
        },
        "altípusok": {}
      },
      "Zeller": {
        "tulajdonságok": {
          "egyedi": {},
          "csoportos": {}
        },
        "altípusok": {}
      },
      "Zöldségkonzerv/üveges": {
        "tulajdonságok": {
          "egyedi": {},
          "csoportos": {}
        },
        "altípusok": {
          "Bab": {
            "tulajdonságok": {
              "egyedi": {},
              "csoportos": {}
            }
          },
          "Borsó": {
            "tulajdonságok": {
              "egyedi": {},
              "csoportos": {}
            }
          },
          "Kukorica": {
            "tulajdonságok": {
              "egyedi": {},
              "csoportos": {}
            }
          },
          "Lencse": {
            "tulajdonságok": {
              "egyedi": {},
              "csoportos": {}
            }
          },
          "Paradicsom": {
            "tulajdonságok": {
              "egyedi": {},
              "csoportos": {}
            }
          },
          "Vegyes, egyéb": {
            "tulajdonságok": {
              "egyedi": {},
              "csoportos": {}
            }
          }
        }
      }
    }
  }
}