store_name,store_product_id,product_name,brand_name,available,expected_restock,barcode,unit_price,unit_type,unit_step,is_discounted,original_unit_price,secondary_unit_price,secondary_unit_type,secondary_unit_step,image_urls,description,categories
Spar,66c5880276953f4db0814324,SPAR elősütött fagyasztott sajtos stangli 6 x 75 g (450 g),,True,,5999033896115,1299.0,g,450.0,False,,,,,https://imageproxy.wolt.com/assets/667679ece98c4a1a5c647a79;https://imageproxy.wolt.com/assets/667679ee1b708918eb6e8636,,pekaru-241
Spar,66c5880276953f4db081434e,Fagyasztott parasztkenyér,,True,,8588007417882,629.0,db,1.0,False,,,,,https://imageproxy.wolt.com/assets/678e0e518f2fa330bd807076,,pekaru-241
Spar,66c5880276953f4db0814393,SPAR Hazai Szeretem gyorsfagyasztott kovásszal készült lángostészta 1 kg,,True,,5999033898171,949.0,g,1000.0,False,,,,,https://imageproxy.wolt.com/assets/66767d7b1b708918eb6e88db;https://imageproxy.wolt.com/assets/66767d82e98c4a1a5c647d22,,pekaru-241
Spar,66c5880276953f4db0814457,Living Foods gyorsfagyasztott magvas rudacska 400 g,,True,,5997888393117,1999.0,g,400.0,False,,,,,https://imageproxy.wolt.com/assets/6676859ed8b6b903a56003d6,,pekaru-241
Spar,66c5880276953f4db0814467,Living Foods gyorsfagyasztott leveles tésztalap 2 x 200 g (400 g ),,True,,5997888393131,1499.0,g,400.0,False,,,,,https://imageproxy.wolt.com/assets/6676859d1b708918eb6e8f87,,pekaru-241
Spar,67bf8f6b31caa9252d551916,"Bombajóó előkelesztett, gyorsfagyasztott sajtos pogácsa 600 g",,True,,5997853181008,1149.0,g,600.0,False,,,,,https://imageproxy.wolt.com/assets/681a5ea7a4611b98fa04543a,,pekaru-241
Spar,67bf8f6b31caa9252d55190e,"Bombajóó előkelesztett, gyorsfagyasztott tepertős aprósütemény 600 g",,True,,5997853181015,1149.0,g,600.0,False,,,,,https://imageproxy.wolt.com/assets/681a5ea7a4611b98fa045438,,pekaru-241
Spar,66c5880276953f4db08128e6,Vita korpás kenyér 500 g,,True,,5998704304065,449.0,g,500.0,False,,,,,https://imageproxy.wolt.com/assets/6675efddd8b6b903a55fb06e,,kenyerek-27
Spar,66c5880276953f4db081290f,"Jókenyér diós rozskenyér 0,5 kg",,False,,5999880160070,959.0,g,500.0,False,,,,,https://imageproxy.wolt.com/assets/6675e18a1b708918eb6e2a51;https://imageproxy.wolt.com/assets/6675e18be98c4a1a5c641eb2,,kenyerek-27
Spar,66c5880276953f4db0812961,Ceres Bakonyi barna toast kenyér 350 g,,True,,5998703503872,699.0,g,350.0,False,,,,,https://imageproxy.wolt.com/assets/6798d7530e00b4278b306393;https://imageproxy.wolt.com/assets/6798d7540e00b4278b306397,,kenyerek-27
Spar,66c5880276953f4db0812a25,Jókenyér paradicsomos kenyérke 250 g,,False,,5999880160223,699.0,g,250.0,False,,,,,https://imageproxy.wolt.com/assets/6675e185e98c4a1a5c641eaf,,kenyerek-27
Spar,66c5880276953f4db0812a81,Vita Glyx rostban gazdag kenyér 500 g,,True,,5998704303211,899.0,g,500.0,False,,,,,https://imageproxy.wolt.com/assets/67caf04b0978422f21424567,,kenyerek-27
Spar,66c5880276953f4db0812a89,Ceres Sütő Slimmm toast kenyér 250 g,,True,,5998703538997,929.0,g,250.0,False,,,,,https://imageproxy.wolt.com/assets/66759b481b708918eb6e00b8;https://imageproxy.wolt.com/assets/66759b49e98c4a1a5c63f531,,kenyerek-27
Spar,66c5880276953f4db0812b88,Ceres bükki parasztkenyér 500 g,,True,,5998703503483,899.0,g,500.0,False,,,,,https://imageproxy.wolt.com/assets/679963fc25987e252515c1bb;https://imageproxy.wolt.com/assets/679963fd25987e252515c1c0,,kenyerek-27
Spar,66c5880276953f4db0812d5a,Jókenyér friss kovászos rozskenyér 500 g,,True,,5999880160971,699.0,g,500.0,False,,,,,https://imageproxy.wolt.com/assets/66765169d8b6b903a55ff02a,,kenyerek-27
Spar,66c5880276953f4db0812d87,SPAR PREMIUM sajtos-tökmagos ropogós szelet 200 g,,True,,9100000764610,999.0,g,200.0,False,,,,,https://imageproxy.wolt.com/assets/66fabf79a3581e26c9a4ddd5;https://imageproxy.wolt.com/assets/66fabf7ba3581e26c9a4ddda,,kenyerek-27
Spar,66c5880276953f4db0812e79,Szeletelt ünnepi kenyércipó 500 g,,True,,5999033861267,799.0,g,500.0,False,,,,,https://imageproxy.wolt.com/assets/6675e1d41b708918eb6e2aa8;https://imageproxy.wolt.com/assets/6675e1d5e98c4a1a5c641f08,,kenyerek-27
Spar,66c5880276953f4db0812eab,Vita PurPur kenyér teljes kiőrlésű ősbúzából 400 g,,True,,5998704303242,799.0,g,400.0,False,,,,,https://imageproxy.wolt.com/assets/67caf04b0978422f21424564,,kenyerek-27
Spar,66c5880276953f4db0812fc5,Trend+ Fitt&Well csökkentett szénhidráttartalmú kenyér 350 g,,True,,5999880160544,799.0,g,350.0,False,,,,,https://imageproxy.wolt.com/assets/6675e18688898805c80897e6,,kenyerek-27
Spar,66c5880276953f4db0813134,Roberto teljes kiőrlésű kenyér olívaolajjal 400 g,,True,,8003490037909,849.0,g,400.0,False,,,,,https://imageproxy.wolt.com/assets/667650ae88898805c808cdae,,kenyerek-27
Spar,66c5880276953f4db0813138,Roberto durumbúza kenyér extra szűz olívaolajjal 400 g,,True,,8003490038005,849.0,g,400.0,False,,,,,https://imageproxy.wolt.com/assets/66764fd6b669ac6c8eaeb6d8,,kenyerek-27
Spar,66c5880276953f4db08132ba,Ceres zsúrkenyér 360 g,,True,,5998703506200,749.0,g,360.0,False,,,,,https://imageproxy.wolt.com/assets/67a0881172bb8011bfb26d06;https://imageproxy.wolt.com/assets/67a0881272bb8011bfb26d07,,kenyerek-27
Spar,66c5880276953f4db0813663,Jókenyér friss kovászos tökmagos kenyér 500 g,,True,,5999563676218,799.0,g,500.0,False,,,,,https://imageproxy.wolt.com/assets/6676516ad88b3e741b73c99e,,kenyerek-27
Spar,66c5880276953f4db081366d,Jókenyér friss kovászos burgonyás rozsos kenyér 500 g,,True,,5999563677864,659.0,g,500.0,False,,,,,https://imageproxy.wolt.com/assets/6676516bd88b3e741b73c99f,,kenyerek-27
Spar,66c5880276953f4db081367c,Roberto kenyér extra szűz olívaolajjal 400 g,,True,,8003490037800,849.0,g,400.0,False,,,,,https://imageproxy.wolt.com/assets/66764fd9d8b6b903a55fef38,,kenyerek-27
Spar,66c5880276953f4db0813814,SPAR Vital laktózmentes toast kenyér 250 g,,True,,5999033888288,399.0,g,250.0,False,,,,,https://imageproxy.wolt.com/assets/6675f468d88b3e741b738e2f;https://imageproxy.wolt.com/assets/6675f469d8b6b903a55fb53d,,kenyerek-27
Spar,66c5880276953f4db0813c1b,Ceres szendvicskenyér amerikai módra 375 g,,True,,5998703517848,749.0,g,375.0,False,,,,,https://imageproxy.wolt.com/assets/66766bb9d8b6b903a55ffa08;https://imageproxy.wolt.com/assets/66766bbad88b3e741b73d386,,kenyerek-27
Spar,66c5880276953f4db0813c88,Ceres Napicipó teljes kiőrlésű kenyér 400 g,,True,,5998703533480,799.0,g,400.0,False,,,,,https://imageproxy.wolt.com/assets/681b238882f00f6d6fdb8dd3;https://imageproxy.wolt.com/assets/681b238a82f00f6d6fdb8dd4,,kenyerek-27
Spar,66544f27584ad684ed53f363,Félbarna kenyér 1000 g,,False,,5999555260098,599.0,g,1000.0,False,,,,,https://imageproxy.wolt.com/assets/66cf21d27ca0db5ea2bdce02,,kenyerek-27
Spar,66c5880276953f4db081297c,Ceres Gra-Hammm toast 22% Graham-liszttel 250 g,,True,,5998703503896,559.0,g,250.0,False,,,,,https://imageproxy.wolt.com/assets/6798d7530e00b4278b306394;https://imageproxy.wolt.com/assets/6798d7540e00b4278b306398,,kenyerek-27
Spar,66c5880276953f4db0812f91,Ceres Slimmm szénhidrátcsökkentett toast teljes kiőrlésű búzaliszttel 300 g,,True,,5998703536085,1179.0,g,300.0,False,,,,,https://imageproxy.wolt.com/assets/6676523cb669ac6c8eaeb8e9;https://imageproxy.wolt.com/assets/6676523d88898805c808ceeb,,kenyerek-27
Spar,66c5880276953f4db081396a,Kanizsa Pékség szeletelt durum cipó 400 g,,True,,5999028604909,659.0,g,400.0,False,,,,,https://imageproxy.wolt.com/assets/67d01a2f47c2cc5eabd6af44,,kenyerek-27
Spar,66c5880276953f4db08131d7,Kanizsa Pékség szeletelt zalai kovászos cipó 400 g,,True,,5999028602202,829.0,g,400.0,False,,,,,https://imageproxy.wolt.com/assets/67d01a2f47c2cc5eabd6af45,,kenyerek-27
Spar,66c5880276953f4db0813047,Ceres Bükki Vollkorn szeletek 500 g,,True,,5998703574155,999.0,g,500.0,False,,,,,https://imageproxy.wolt.com/assets/679963fb25987e252515c1ba;https://imageproxy.wolt.com/assets/679963fc25987e252515c1bf,,kenyerek-27
Spar,66c5880276953f4db0813c6b,Ceres NewLine szénhidrátcsökkentett cipó 350 g,,True,,5998703529056,1029.0,g,350.0,False,,,,,https://imageproxy.wolt.com/assets/667650d7b669ac6c8eaeb7c9;https://imageproxy.wolt.com/assets/667650d8b669ac6c8eaeb7cc,,kenyerek-27
Spar,66c5880276953f4db08131da,Kanizsa Pékség szeletelt magvas vekni 400 g,,True,,5999028602189,719.0,g,400.0,False,,,,,https://imageproxy.wolt.com/assets/67f3dce32fc60a67849acc60,,kenyerek-27
Spar,66544f27584ad684ed53f569,Vitajó magvas cipó 500 g,,False,,5998703526383,749.0,g,500.0,False,,,,,https://imageproxy.wolt.com/assets/678e0e2f4b2b7137a212e3ef;https://imageproxy.wolt.com/assets/6675e92388898805c80899d3,,kenyerek-27
Spar,66c5880276953f4db08131be,Kanizsa Pékség szeletelt rozs vekni 400 g,,True,,5999028602240,849.0,g,400.0,False,,,,,https://imageproxy.wolt.com/assets/66764ef5d8b6b903a55fee9f,,kenyerek-27
Spar,66c5880276953f4db0813255,Update Low Carb szeletelt toast kenyér 300 g,,True,,5998703540068,1399.0,g,300.0,False,,,,,https://imageproxy.wolt.com/assets/6676841288898805c808ef11;https://imageproxy.wolt.com/assets/66768413b669ac6c8eaed91c,,kenyerek-27
Spar,66c5880276953f4db0813434,SPAR szeletelt vidéki cipó 500 g,,True,,5999033877794,649.0,g,500.0,False,,,,,https://imageproxy.wolt.com/assets/66759def1b708918eb6e0243;https://imageproxy.wolt.com/assets/66759df0e98c4a1a5c63f6ba,,kenyerek-27
Spar,66c5880276953f4db081398c,Kanizsa Pékség szeletelt szendvics vekni 350 g,,True,,5999028603209,639.0,g,350.0,False,,,,,https://imageproxy.wolt.com/assets/67f3b2ae6c2ad1f8335328ed,,kenyerek-27
Spar,66544f27584ad684ed53f3bc,Olívás paillasse 300 g,,True,,5998377300012,569.0,g,300.0,False,,,,,https://imageproxy.wolt.com/assets/678e0e2f4b2b7137a212e3ed;https://imageproxy.wolt.com/assets/6675e7641b708918eb6e2f37,,kenyerek-27
Spar,66c5880276953f4db08141a5,Kovászos cipó,,True,,5907377308249,549.0,db,1.0,False,,,,,https://imageproxy.wolt.com/assets/6675e76ab669ac6c8eae8260,,kenyerek-27
Spar,66c5880276953f4db08142c0,SPAR szeletelt rozsos toast kenyér 500 g,,True,,5999033892902,599.0,g,500.0,False,,,,,https://imageproxy.wolt.com/assets/667688ccd8b6b903a56006c5;https://imageproxy.wolt.com/assets/667688cdd88b3e741b73e042,,kenyerek-27
Spar,66c5880276953f4db081435a,Szénhidrát csökkentett magvas vekni,,True,,8588000686704,539.0,db,1.0,False,,,,,https://imageproxy.wolt.com/assets/678e0e2fdaf01e7f1ad1ae93,,kenyerek-27
Spar,66c5880276953f4db08143d9,SPAR tökmagos szeletek 400 g,,True,,5999033895026,649.0,g,400.0,False,,,,,https://imageproxy.wolt.com/assets/670397bf3101dc240b761a1a;https://imageproxy.wolt.com/assets/670397c13101dc240b761a1e,,kenyerek-27
Spar,66c5880276953f4db0814236,Élesző nélküli kenyér 400g,,True,,5998704307066,749.0,g,400.0,False,,,,,https://imageproxy.wolt.com/assets/678e0e30daf01e7f1ad1ae99,,kenyerek-27
Spar,66c5880276953f4db0814231,Rozsos vidéki cipó 500g,,True,,5998704305772,699.0,g,500.0,False,,,,,https://imageproxy.wolt.com/assets/678e0e30daf01e7f1ad1ae97,,kenyerek-27
Spar,66c5880276953f4db081424b,Magvas Vidéki cipó 500g,,True,,5998704305789,799.0,g,500.0,False,,,,,https://imageproxy.wolt.com/assets/678e0e314b2b7137a212e3f4,,kenyerek-27
Spar,66c5880276953f4db08142bb,Vita Sütő toast kenyér 250g,,True,,5998704303457,249.0,g,250.0,False,,,,,https://imageproxy.wolt.com/assets/678e0e30daf01e7f1ad1ae96,,kenyerek-27
Spar,67ad25f31af9fcb37887c151,Kenyértár szeletelt bajor rozskenyér 500 g,,True,,5999028603032,315.0,g,500.0,False,,,,,https://imageproxy.wolt.com/assets/66768806e98c4a1a5c6485ef,,kenyerek-27
Spar,67ad25f31af9fcb37887c156,Vitajó barna cipó 500 g,,False,,5999086514974,749.0,g,500.0,False,,,,,https://imageproxy.wolt.com/assets/6675e5bae98c4a1a5c642154;https://imageproxy.wolt.com/assets/6675e5bb1b708918eb6e2cf7,,kenyerek-27
Spar,67ad25f31af9fcb37887c189,Vitajó világos cipó 500 g,,False,,5999086514967,899.0,g,500.0,False,,,,,https://imageproxy.wolt.com/assets/6675e5bd1b708918eb6e2cfa;https://imageproxy.wolt.com/assets/6675e5bee98c4a1a5c64215a,,kenyerek-27
Spar,67ad25f31af9fcb37887c172,VADKOVÁSZOS VEKNI (E),,True,,5997427314177,549.0,db,1.0,False,,,,,https://wolt-menu-images-cdn.wolt.com/menu-images/6630bf2d2af684d052fdff63/6c9a594e-0ef1-11f0-9f8a-06061181495b_541372000.png,,kenyerek-27
Spar,67bf8f6b31caa9252d551d47,"Lipóti készre sütött, szeletelt kovászos kenyér 500 g",,True,,5999130601483,499.0,g,500.0,False,,,,,https://imageproxy.wolt.com/assets/67852ceb2e53d53e8440c89c,,kenyerek-27
Spar,67bf8f6b31caa9252d551d77,"Lipóti készre sütött, szeletelt kovászos vidéki kenyér 500 g",,True,,5999130601490,499.0,g,500.0,False,,,,,https://imageproxy.wolt.com/assets/67852ceb2e53d53e8440c89f,,kenyerek-27
Spar,67bf8f6b31caa9252d551d72,Wasa Delikatess teljeskiőrlésű rozslisztból készült ropogós kenyér 270 g,,True,,7300400117951,1099.0,g,270.0,False,,,,,https://imageproxy.wolt.com/assets/667650fed88b3e741b73c948,,kenyerek-27
Spar,67bf8f6b31caa9252d551d62,Wasa Sesam búzalisztből készült szezámmagos ropogós kenyér 200 g,,True,,7300400112734,1099.0,g,200.0,False,,,,,https://imageproxy.wolt.com/assets/667650ffd8b6b903a55fefdd,,kenyerek-27
Spar,67bf8f6b31caa9252d551d7a,Natur'A rusztikus kovászos sokmagvas kenyérke 320 g,,True,,5941901305854,399.0,g,320.0,False,,,,,https://imageproxy.wolt.com/assets/677b9e0d69cf466c3d9fced7,,kenyerek-27
Spar,6823b3a641718f3ddf8d55f6,BURGONYAPELYHES VEKNI,,True,,,599.0,db,1.0,False,,,,,https://wolt-menu-images-cdn.wolt.com/menu-images/665446a5ece3fa91d9df0d00/c4c002ae-348f-11f0-b240-12b5ff46f8d1_539947005.png,,kenyerek-27
Spar,6823b3a641718f3ddf8d561b,FEHÉR VEKNI (E),,True,,,299.0,db,1.0,False,,,,,https://wolt-menu-images-cdn.wolt.com/menu-images/665446a5ece3fa91d9df0d00/bb9f4162-348f-11f0-bae9-d2e7bba1e349_539945001.png,,kenyerek-27
Spar,6823b3a641718f3ddf8d560d,SPAR VADKOVÁSZOS VEKNI (E),,True,,,799.0,db,1.0,False,,,,,https://wolt-menu-images-cdn.wolt.com/menu-images/665446a5ece3fa91d9df0d00/e418f8e0-348f-11f0-9581-ca8af8d6047d_546703007.png,,kenyerek-27
Spar,6823b3a641718f3ddf8d560e,VADKOVÁSZOS PARASZTKENYÉR (E),,True,,,999.0,db,1.0,False,,,,,https://wolt-menu-images-cdn.wolt.com/menu-images/665446a5ece3fa91d9df0d00/b3336580-348f-11f0-96e4-8efd2728caab_535499003.png,,kenyerek-27
Spar,683e11f5ca25c2425e9ec265,S-Budget szeletelt toast kenyér 500 g,,True,,5999139404245,369.0,g,500.0,False,,,,,https://imageproxy.wolt.com/assets/6818b8f282f00f6d6fdb72c0;https://imageproxy.wolt.com/assets/6818b8f382f00f6d6fdb72c5,,kenyerek-27
Spar,688bdc88f6c7a553faf61e4a,Rusztikus kovászos kenyérke,,True,,,399.0,db,1.0,False,,,,,https://wolt-menu-images-cdn.wolt.com/menu-images/66544565d6a91b4d1392d750/ff29ccbe-6e04-11f0-a20b-7ed67a7b64c3_550564007.jpg,,kenyerek-27
Spar,688bdc88f6c7a553faf61e47,Tigris cipó,,True,,,399.0,db,1.0,False,,,,,https://wolt-menu-images-cdn.wolt.com/menu-images/66544565d6a91b4d1392d750/ff269364-6e04-11f0-9040-7ac2c76cb95b_550620000.jpg,,kenyerek-27
Spar,688bdc88f6c7a553faf61e50,Magvas cipó kovásszal,,True,,,599.0,db,1.0,False,,,,,https://wolt-menu-images-cdn.wolt.com/menu-images/66544565d6a91b4d1392d750/08390b80-6e05-11f0-8a33-a294cf4047b9_552076003.jpg,,kenyerek-27
Spar,66c5880276953f4db081312c,Roberto Tortillas kenyér napraforgóolajjal 4 db 240 g,,True,,8003490045591,999.0,g,240.0,False,,,,,https://imageproxy.wolt.com/assets/66765018b669ac6c8eaeb720,,sos-pekaru-28
Spar,66c5880276953f4db0813975,Roberto Granpiada teljes kiőrlésű búzalisztből készült kenyér napraforgóolajjal 3 db 330 g,,True,,8003490046758,1069.0,g,330.0,False,,,,,https://imageproxy.wolt.com/assets/66765019b669ac6c8eaeb721,,sos-pekaru-28
Spar,66c5880276953f4db0812d12,Barna paillasse 300 g,,True,,5998377300036,669.0,g,300.0,False,,,,,https://imageproxy.wolt.com/assets/6675e764e98c4a1a5c642396,,sos-pekaru-28
Spar,66c5880276953f4db0812d52,Hagymás paillasse 300 g,,True,,5998377300050,669.0,g,300.0,False,,,,,https://imageproxy.wolt.com/assets/6675e76688898805c8089876,,sos-pekaru-28
Spar,66c5880276953f4db0812d82,SPAR rozsos magvas cipó 400 g,,True,,5998704303532,699.0,g,400.0,False,,,,,https://imageproxy.wolt.com/assets/6675dd34b669ac6c8eae7d24,,sos-pekaru-28
Spar,66c5880276953f4db0812e44,Sajtos stangli,,True,,5998704370206,209.0,g,75.0,False,,,db,1.0,https://imageproxy.wolt.com/assets/66764e0a88898805c808cb7b,,sos-pekaru-28
Spar,66c5880276953f4db0812c90,Fehér paillasse 300 g,,True,,5998377300043,569.0,g,300.0,False,,,,,https://imageproxy.wolt.com/assets/6675dd3488898805c8089340,,sos-pekaru-28
Spar,66c5880276953f4db08139e2,Teljes kiőrlésű stangli 85 g,,True,,,159.0,g,85.0,False,,,,,https://imageproxy.wolt.com/assets/66765f5bd88b3e741b73ccdc,,sos-pekaru-28
Spar,66544f27584ad684ed53f471,Olívás stangli,,True,,5998704370084,139.0,g,60.0,False,,,db,1.0,https://imageproxy.wolt.com/assets/678e0e31daf01e7f1ad1ae9a;https://imageproxy.wolt.com/assets/66764e0cd88b3e741b73c762,,sos-pekaru-28
Spar,66c5880276953f4db0813052,Lecker elősütött egyiptomi típusú pita,,True,,5999558212308,749.0,g,300.0,False,,,db,1.0,https://imageproxy.wolt.com/assets/667652cbb669ac6c8eaeb95b,,sos-pekaru-28
Spar,66c5880276953f4db0813adc,Mini sajtos roló 6 db 200 g,,True,,5998060304808,1250.0,g,200.0,False,,,,,https://imageproxy.wolt.com/assets/6675f5f7b669ac6c8eae8b52,,sos-pekaru-28
Spar,66c5880276953f4db0814031,Csirkemájas bourekas,,True,,5999551375512,379.0,db,1.0,False,,,,,https://imageproxy.wolt.com/assets/678e0e314b2b7137a212e3f7,,sos-pekaru-28
Spar,66c5880276953f4db0814335,Ceres Csigusz pizzás tekercsek 300 g,,False,,5998703564934,999.0,g,300.0,False,,,,,https://imageproxy.wolt.com/assets/66767485d88b3e741b73d761;https://imageproxy.wolt.com/assets/66767486d8b6b903a55ffde6,,sos-pekaru-28
Spar,66c5880276953f4db0814361,Extra sajtos rúd,,True,,5999006841418,249.0,db,1.0,False,,,,,https://imageproxy.wolt.com/assets/678e0e31daf01e7f1ad1ae9d,,sos-pekaru-28
Spar,66c5880276953f4db081422e,Sajtos croissant,,True,,5413476998330,359.0,db,1.0,False,,,,,https://imageproxy.wolt.com/assets/678e0e32daf01e7f1ad1ae9f,,sos-pekaru-28
Spar,66c5880276953f4db08142a8,SPAR virslis rácsos,,True,,5998704374389,249.0,db,1.0,False,,,,,https://imageproxy.wolt.com/assets/678e0e314b2b7137a212e3f6,,sos-pekaru-28
Spar,66c5880276953f4db0814281,Burgonyás paillasse,,True,,5998377307189,669.0,db,1.0,False,,,,,https://imageproxy.wolt.com/assets/678e0e32daf01e7f1ad1aea0,,sos-pekaru-28
Spar,66c5880276953f4db08142c1,SPAR tepertős hatszög,,True,,5998377308148,169.0,db,1.0,False,,,,,https://imageproxy.wolt.com/assets/678e0e31daf01e7f1ad1ae9e,,sos-pekaru-28
Spar,66c5880276953f4db08142d4,SPAR szénhidrát csökkenetett pogácsa,,True,,5998377308131,249.0,db,1.0,False,,,,,https://imageproxy.wolt.com/assets/678e0e32daf01e7f1ad1aea2,,sos-pekaru-28
Spar,66c5880276953f4db08142f1,S-BUDGET BAJOR STÍLUSÚ PEREC,,True,,4005975051930,199.0,db,1.0,False,,,,,https://imageproxy.wolt.com/assets/678e0e334b2b7137a212e3fc,,sos-pekaru-28
Spar,66c5880276953f4db08142f6,Kolbászos rúd enyhén csípős,,True,,5998704372897,269.0,db,1.0,False,,,,,https://imageproxy.wolt.com/assets/678e0e32daf01e7f1ad1aea4,,sos-pekaru-28
Spar,67ad25f31af9fcb37887c175,BOLOGNAI ROMBUSZ (KF),,True,,5999006842828,199.0,db,1.0,False,,,,,https://wolt-menu-images-cdn.wolt.com/menu-images/6630bf2d2af684d052fdff63/771c40ee-0ef1-11f0-8ec0-06061181495b_541752000.png,,sos-pekaru-28
Spar,67ad25f31af9fcb37887c17c,SONKÁS-SAJTOS CROISSANT (KF),,True,,54130560337030,359.0,db,1.0,False,,,,,https://wolt-menu-images-cdn.wolt.com/menu-images/6630bf2d2af684d052fdff63/7d20fe26-0ef1-11f0-9388-bac79de91246_543013000.png,,sos-pekaru-28
Spar,67ad25f31af9fcb37887c176,SPAR BURGONYÁS LEVELES POGÁCSA,,True,,5998704374778,169.0,db,1.0,False,,,,,https://wolt-menu-images-cdn.wolt.com/menu-images/6630bf2d2af684d052fdff63/1a695ad2-145d-11f0-9425-fe1befbc0262_541757005.jpg,,sos-pekaru-28
Spar,67ad25f31af9fcb37887c177,SPAR PIZZÁS CSIGA (KF),,True,,5998704374716,249.0,db,1.0,False,,,,,https://wolt-menu-images-cdn.wolt.com/menu-images/6630bf2d2af684d052fdff63/684c1c6a-0ef1-11f0-9ee1-2abab3622b15_537951004.png,,sos-pekaru-28
Spar,67ad25f31af9fcb37887c183,SPAR SAJTTAL SZÓRT POGÁCSA(KF),,True,,5998704374761,169.0,db,1.0,False,,,,,https://wolt-menu-images-cdn.wolt.com/menu-images/6630bf2d2af684d052fdff63/771cdcca-0ef1-11f0-907e-9621f487a35f_541754004.jpg,,sos-pekaru-28
Spar,67ad25f31af9fcb37887c17f,SPENÓTOS-FETAS.TÖLT.BÖREK (KF),,True,,8590325430009,249.0,db,1.0,False,,,,,https://wolt-menu-images-cdn.wolt.com/menu-images/6630bf2d2af684d052fdff63/772585e6-0ef1-11f0-8cc6-e66eb58d0bc2_542101005.png,,sos-pekaru-28
Spar,67bf8f6b31caa9252d551d4e,DESPAR Pinsa elősütött búzalisztből készült lepény durumbúzadarával és extraszűz olívaolajjal 230 g,,True,,9100000042619,999.0,g,230.0,False,,,,,https://imageproxy.wolt.com/assets/6746fe6506781b0d324d4da1;https://imageproxy.wolt.com/assets/6746fe6706781b0d324d4da9,,sos-pekaru-28
Spar,6823b3a641718f3ddf8d560b,BACONOS-SAJTOS BUCI (E),,True,,,299.0,db,1.0,False,,,,,https://wolt-menu-images-cdn.wolt.com/menu-images/665446a5ece3fa91d9df0d00/fe6268ee-348f-11f0-8d17-e2b878f5c367_549659004.png,,sos-pekaru-28
Spar,6823b3a641718f3ddf8d5608,MÁJAS HURKÁS RÚD (KF),,True,,,219.0,db,1.0,False,,,,,https://wolt-menu-images-cdn.wolt.com/menu-images/665446a5ece3fa91d9df0d00/ede358de-348f-11f0-83a0-cecb436ea1d0_547584001.png,,sos-pekaru-28
Spar,6823b3a641718f3ddf8d5601,SAJTKRÉMES RÚD (KF),,True,,,249.0,db,1.0,False,,,,,https://wolt-menu-images-cdn.wolt.com/menu-images/665446a5ece3fa91d9df0d00/c4cc4988-348f-11f0-93d0-1e20b263a489_541349002.png,,sos-pekaru-28
Spar,6823b3a641718f3ddf8d55f4,SONKÁS KUKORICÁS PIZZASZELET,,True,,,469.0,db,1.0,False,,,,,https://wolt-menu-images-cdn.wolt.com/menu-images/665446a5ece3fa91d9df0d00/b323e6d2-348f-11f0-ba49-be704f457968_536909006.png,,sos-pekaru-28
Spar,6823b3a641718f3ddf8d5618,SZALÁMIS PIZZASZELET (E),,True,,,419.0,db,1.0,False,,,,,https://wolt-menu-images-cdn.wolt.com/menu-images/665446a5ece3fa91d9df0d00/cbda407c-348f-11f0-a2e3-92e3695689d9_544817003.png,,sos-pekaru-28
Spar,6823b3a641718f3ddf8d561e,TACO SZÓSZOS HOT-DOG,,True,,,299.0,db,1.0,False,,,,,https://wolt-menu-images-cdn.wolt.com/menu-images/665446a5ece3fa91d9df0d00/cb79483a-348f-11f0-bd78-a2ff24081e7f_544815009.png,,sos-pekaru-28
Spar,6823b3a641718f3ddf8d560a,CSÁSZÁRBUCI (E),,True,,,75.0,db,1.0,False,,,,,https://wolt-menu-images-cdn.wolt.com/menu-images/665446a5ece3fa91d9df0d00/bb9fcda8-348f-11f0-95f9-8aba25d24863_538408002.png,,sos-pekaru-28
Spar,6823b3a641718f3ddf8d55f9,S-BUDGET VAJAS CROISSANT (KF),,True,,,195.0,db,1.0,False,,,,,https://wolt-menu-images-cdn.wolt.com/menu-images/665446a5ece3fa91d9df0d00/f69fcf98-348f-11f0-b33b-5e8516746f41_548643004.png,,sos-pekaru-28
Spar,6823b3a641718f3ddf8d55f5,SPAR VAJAS CROISSANT (KF),,True,,,399.0,db,1.0,False,,,,,https://wolt-menu-images-cdn.wolt.com/menu-images/665446a5ece3fa91d9df0d00/dc2f8662-348f-11f0-8d2f-460b36ac0305_545781006.png,,sos-pekaru-28
Spar,688bdc88f6c7a553faf61e4b,Spar sajtburger ízű fánk,,True,,,699.0,db,1.0,False,,,,,https://wolt-menu-images-cdn.wolt.com/menu-images/66544565d6a91b4d1392d750/f59de9d2-6e04-11f0-815b-9eaaa596f854_546983003.jpg,,sos-pekaru-28
Spar,688bdc88f6c7a553faf61e45,Medvehagymás pogácsa,,True,,,169.0,db,1.0,False,,,,,https://wolt-menu-images-cdn.wolt.com/menu-images/66544565d6a91b4d1392d750/f39cf588-6e04-11f0-879b-da5a3ecfde14_530457008.jpg,,sos-pekaru-28
Spar,688bdc88f6c7a553faf61e53,Provance-i focaccia,,True,,,299.0,db,1.0,False,,,,,https://wolt-menu-images-cdn.wolt.com/menu-images/66544565d6a91b4d1392d750/f9f49ac6-6e04-11f0-824a-56faf3fc0738_550551007.jpg,,sos-pekaru-28
Spar,688bdc88f6c7a553faf61e49,Focaccia rozmaringgal,,True,,,799.0,db,1.0,False,,,,,https://wolt-menu-images-cdn.wolt.com/menu-images/66544565d6a91b4d1392d750/f9e29ca4-6e04-11f0-bde6-de8e2d9c769c_550558006.jpg,,sos-pekaru-28
Spar,688bdc88f6c7a553faf61e4d,Focaccia fokhagymás,,True,,,799.0,db,1.0,False,,,,,https://wolt-menu-images-cdn.wolt.com/menu-images/66544565d6a91b4d1392d750/ff27bd0c-6e04-11f0-87b4-d2db56966889_550859004.jpg,,sos-pekaru-28
Spar,688bdc88f6c7a553faf61e51,Karaván sajtos párna,,True,,,249.0,db,1.0,False,,,,,https://wolt-menu-images-cdn.wolt.com/menu-images/66544565d6a91b4d1392d750/083af6f2-6e05-11f0-ad6e-7ac2c76cb95b_552252001.jpg,,sos-pekaru-28
Spar,688bdc88f6c7a553faf61e48,Paradicsomos falatok,,True,,,599.0,db,1.0,False,,,,,https://wolt-menu-images-cdn.wolt.com/menu-images/66544565d6a91b4d1392d750/084b7d74-6e05-11f0-9bb4-d2db56966889_552291000.jpg,,sos-pekaru-28
Spar,688bdc88f6c7a553faf61e4e,No-no ajvárkrém.szendvics,,True,,,399.0,db,1.0,False,,,,,https://wolt-menu-images-cdn.wolt.com/menu-images/66544565d6a91b4d1392d750/04c845d8-6e05-11f0-873d-8242fb34c510_551241006.jpg,,sos-pekaru-28
Spar,688bdc88f6c7a553faf61e44,No-no magv.szendvicsalap,,True,,,399.0,db,1.0,False,,,,,https://wolt-menu-images-cdn.wolt.com/menu-images/66544565d6a91b4d1392d750/04c78a94-6e05-11f0-8ce2-7e1c366a0547_551244007.jpg,,sos-pekaru-28
Spar,66c5880276953f4db0812a21,Ceres selyemkalács 350 g,,True,,5998703521739,1399.0,g,350.0,False,,,,,https://imageproxy.wolt.com/assets/67a0880c72bb8011bfb26cf8;https://imageproxy.wolt.com/assets/67a0880d72bb8011bfb26cfd,,edes-pekaru-29
Spar,66c5880276953f4db0812b97,SPAR friss tojásos gofri 6 db 125 g,,True,,5999033884617,499.0,g,125.0,False,,,,,https://imageproxy.wolt.com/assets/6675e5ba1b708918eb6e2cf4;https://imageproxy.wolt.com/assets/6675e5bbe98c4a1a5c642156,,edes-pekaru-29
Spar,66c5880276953f4db0812b8e,SPAR kakaómasszával bevont friss tojásos gofri 6 db 175 g,,True,,5999033884624,579.0,g,175.0,False,,,,,https://imageproxy.wolt.com/assets/6675e766b669ac6c8eae825c;https://imageproxy.wolt.com/assets/6675e76788898805c8089879,,edes-pekaru-29
Spar,66c5880276953f4db0813820,Fahéjas csiga,,True,,5998704372460,199.0,g,90.0,False,,,db,1.0,https://imageproxy.wolt.com/assets/66764e0e88898805c808cb7c,,edes-pekaru-29
Spar,66c5880276953f4db0813431,SPAR kakaós csiga,,True,,5998704370145,199.0,g,90.0,False,,,db,1.0,https://imageproxy.wolt.com/assets/66764e0dd88b3e741b73c763,,edes-pekaru-29
Spar,66c5880276953f4db0813303,SPAR túrós táska,,True,,5998704370138,279.0,g,90.0,False,,,db,1.0,https://imageproxy.wolt.com/assets/66764e0dd88b3e741b73c765,,edes-pekaru-29
Spar,66544f27584ad684ed53f55a,SPAR fonott kalács 250 g,,True,,5999033878883,699.0,g,250.0,False,,,,,https://imageproxy.wolt.com/assets/678e0e324b2b7137a212e3fa,,edes-pekaru-29
Spar,66544f27584ad684ed53f3fc,DESPAR Savoiardi tojásos piskóta rúd 400 g,,True,,8002720003998,999.0,g,400.0,False,,,,,https://imageproxy.wolt.com/assets/678e0e32daf01e7f1ad1aea3,,edes-pekaru-29
Spar,66c5880276953f4db08137aa,SPAR fonott kalács 500 g,,True,,5999033878876,999.0,g,500.0,False,,,,,https://imageproxy.wolt.com/assets/6675de2688898805c808941d;https://imageproxy.wolt.com/assets/6675de27b669ac6c8eae7e02,,edes-pekaru-29
Spar,66544f27584ad684ed53f3e4,Kemencés Kedvencek Lavina kalács 300 g,,True,,5998706521316,619.0,g,300.0,False,,,,,https://imageproxy.wolt.com/assets/678e0e32daf01e7f1ad1aea1,,edes-pekaru-29
Spar,669a2e02b172b5b5486a1902,7DAYS Double Max croissant vanília ízű és meggyes töltelékkel 80 g,,True,,5201360501571,369.0,g,80.0,False,,,,,https://imageproxy.wolt.com/assets/667947048cf5dc22349d7ced,,edes-pekaru-29
Spar,66c5880276953f4db0813021,7DAYS Double Coconut Max croissant kakaós töltelékkel és kókuszos töltelékkel 80 g,,True,,7622201391997,369.0,g,80.0,False,,,,,https://imageproxy.wolt.com/assets/667675031b708918eb6e85a9,,edes-pekaru-29
Spar,66c5880276953f4db081302a,7DAYS croissant kakaós töltelékkel 60 g,,True,,7622201388409,299.0,g,60.0,False,,,,,https://imageproxy.wolt.com/assets/667674fed8b6b903a55ffe1f,,edes-pekaru-29
Spar,66c5880276953f4db0813045,7DAYS croissant epres töltelékkel 60 g,,True,,7622201392215,299.0,g,60.0,False,,,,,https://imageproxy.wolt.com/assets/66767500d8b6b903a55ffe21,,edes-pekaru-29
Spar,66c5880276953f4db0813044,7DAYS Double Max croissant kakaós töltelékkel és vanília ízű töltelékkel 80 g,,True,,7622201389420,369.0,g,80.0,False,,,,,https://imageproxy.wolt.com/assets/6676750188898805c808e1d1,,edes-pekaru-29
Spar,66c5880276953f4db08130b7,7DAYS Family Pack croissant kakaós töltelékkel 5 x 37 g (185 g),,True,,7622201393564,999.0,g,185.0,False,,,,,https://imageproxy.wolt.com/assets/6676754fb669ac6c8eaecbf9,,edes-pekaru-29
Spar,66c5880276953f4db08130c2,7DAYS croissant pezsgő ízű töltelékkel 60 g,,True,,7622201391737,299.0,g,60.0,False,,,,,https://imageproxy.wolt.com/assets/66767500d88b3e741b73d79d,,edes-pekaru-29
Spar,66c5880276953f4db08130bc,7DAYS Double Max croissant vaníliaízű töltelékkel és epres töltelékkel 80 g,,True,,7622201391812,369.0,g,80.0,False,,,,,https://imageproxy.wolt.com/assets/667675031b708918eb6e85a8,,edes-pekaru-29
Spar,66c5880276953f4db0813148,7DAYS Max croissant kakaós töltelékkel 80 g,,True,,7622201388386,369.0,g,80.0,False,,,,,https://imageproxy.wolt.com/assets/6676750188898805c808e1d3,,edes-pekaru-29
Spar,66c5880276953f4db0813ccb,7DAYS croissant mogyorós töltelékkel 60 g,,True,,7622201390648,299.0,g,60.0,False,,,,,https://imageproxy.wolt.com/assets/66767501b669ac6c8eaecbd4,,edes-pekaru-29
Spar,66c5880276953f4db08130a4,Chipicao croissant kakaós töltelékkel 60 g,,True,,7622202043390,299.0,g,60.0,False,,,,,https://imageproxy.wolt.com/assets/667678c288898805c808e56a,,edes-pekaru-29
Spar,66c5880276953f4db08140be,Almás-vaníliás párna,,True,,5998704370824,199.0,g,85.0,False,,,db,1.0,https://imageproxy.wolt.com/assets/66764e0a88898805c808cb79,,edes-pekaru-29
Spar,66c5880276953f4db08142b6,"Gyűrűs fánk eper ízű töltelékkel, fehércsokoládés bevonattal, eperdarab szórással, kiolvasztott 73 g",,True,,8590325509965,359.0,g,73.0,False,,,,,https://imageproxy.wolt.com/assets/667666d4e98c4a1a5c647139,,edes-pekaru-29
Spar,66c5880276953f4db0814338,Ceres Csigusz kakaós tekercsek 300 g,,True,,5998703564927,999.0,g,300.0,False,,,,,https://imageproxy.wolt.com/assets/66767486d8b6b903a55ffde5;https://imageproxy.wolt.com/assets/66767487d88b3e741b73d763,,edes-pekaru-29
Spar,66c5880276953f4db0814352,Gyűrűs fánk pisztáciatöltelékkel,,True,,8590325509941,329.0,db,1.0,False,,,,,https://imageproxy.wolt.com/assets/678e0e33daf01e7f1ad1aea5,,edes-pekaru-29
Spar,66c5880276953f4db08143ce,7DAYS Max croissant karamellízű töltelékkel 80 g,,True,,7622202039713,369.0,g,80.0,False,,,,,https://imageproxy.wolt.com/assets/667678c2b669ac6c8eaecf6f,,edes-pekaru-29
Spar,66c5880276953f4db0814270,Málnás-krémes leveles,,True,,5998704374365,299.0,db,1.0,False,,,,,https://imageproxy.wolt.com/assets/678e0e33daf01e7f1ad1aea9,,edes-pekaru-29
Spar,66c5880276953f4db081428c,Meggyes párna,,True,,5998704374532,249.0,db,1.0,False,,,,,https://imageproxy.wolt.com/assets/678e0e33daf01e7f1ad1aea6,,edes-pekaru-29
Spar,66c5880276953f4db08142d5,Diós kifli,,True,,8588009155195,269.0,db,1.0,False,,,,,https://imageproxy.wolt.com/assets/678e0e33daf01e7f1ad1aeaa,,edes-pekaru-29
Spar,66c5880276953f4db08142e6,Mákos kifli,,True,,8588009155188,269.0,db,1.0,False,,,,,https://imageproxy.wolt.com/assets/678e0e334b2b7137a212e400,,edes-pekaru-29
Spar,66c5880276953f4db08142ef,Spar PurPur tésztás kakaós csiga,,True,,5998704374549,259.0,db,1.0,False,,,,,https://imageproxy.wolt.com/assets/678e0e334b2b7137a212e401,,edes-pekaru-29
Spar,66c5880276953f4db0814319,Szilvás PurPur batyu,,True,,,259.0,db,1.0,False,,,,,https://imageproxy.wolt.com/assets/678e0e334b2b7137a212e3ff,,edes-pekaru-29
Spar,66544f27584ad684ed53f460,Csokoládékrémes tekercs,,True,,5999551372542,249.0,db,1.0,False,,,,,https://imageproxy.wolt.com/assets/678e0e34daf01e7f1ad1aeac,,edes-pekaru-29
Spar,66544f27584ad684ed53f56c,Csokoládés rúd tejkrémmel,,True,,5413476990693,199.0,db,1.0,False,,,,,https://imageproxy.wolt.com/assets/678e0e344b2b7137a212e402,,edes-pekaru-29
Spar,67ad25f31af9fcb37887c192,Gyűrűs fánk almás-fahéjas töltelékkel,,True,,8590325507770,199.0,db,1.0,False,,,,,https://imageproxy.wolt.com/assets/6675f6e11b708918eb6e36d5,,edes-pekaru-29
Spar,67ad25f31af9fcb37887c169,Ceres Csigusz szilvás tekercsek 300 g,,True,,5998703564941,999.0,g,300.0,False,,,,,https://imageproxy.wolt.com/assets/66767482b669ac6c8eaecb9b;https://imageproxy.wolt.com/assets/66767483b669ac6c8eaecb9d,,edes-pekaru-29
Spar,67ad25f31af9fcb37887c155,S-Budget tojásos gofri 12 db 250 g,,True,,5999139400964,799.0,g,250.0,False,,,,,https://imageproxy.wolt.com/assets/670397853101dc240b76197f;https://imageproxy.wolt.com/assets/670397aa3101dc240b7619d2,,edes-pekaru-29
Spar,67ad25f31af9fcb37887c152,7DAYS croissant sárgabarackos töltelékkel 60 g,,True,,7622202244186,299.0,g,60.0,False,,,,,https://imageproxy.wolt.com/assets/66c5a0f8a2f0662a48d6dd21,,edes-pekaru-29
Spar,67ad25f31af9fcb37887c166,BELGA CSOK.MEGGYES PÁRNA (KF),,True,,5998706938640,249.0,db,1.0,False,,,,,https://wolt-menu-images-cdn.wolt.com/menu-images/6630bf2d2af684d052fdff63/775a5dd4-0ef1-11f0-a230-36bee6ecd0b6_541377005.png,,edes-pekaru-29
Spar,67ad25f31af9fcb37887c19a,KÜRTŐSKALÁCS FAHÉJAS (KS),,True,,5999887363856,999.0,db,1.0,False,,,,,https://wolt-menu-images-cdn.wolt.com/menu-images/6630bf2d2af684d052fdff63/7d5d40d4-0ef1-11f0-a734-a68ea5d67d2c_542781009.png,,edes-pekaru-29
Spar,67ad25f31af9fcb37887c19b,VANÍLIÁS KALÁCS (KS),,True,,5998198705164,599.0,db,1.0,False,,,,,https://wolt-menu-images-cdn.wolt.com/menu-images/6630bf2d2af684d052fdff63/607f05ec-0ef1-11f0-b5f5-061bcb387f0f_513498004.png,,edes-pekaru-29
Spar,6823b3a641718f3ddf8d5613,MEGGYES LEVÉL 14%PURPUR KEV.,,True,,,319.0,db,1.0,False,,,,,https://wolt-menu-images-cdn.wolt.com/menu-images/665446a5ece3fa91d9df0d00/c53d91f6-348f-11f0-a046-da1a543eda7b_541384003.png,,edes-pekaru-29
Spar,6823b3a641718f3ddf8d55f7,GYŰRŰS FÁNK CITROMOS TÖLT.(KS),,True,,,299.0,db,1.0,False,,,,,https://wolt-menu-images-cdn.wolt.com/menu-images/665446a5ece3fa91d9df0d00/e41b8a6a-348f-11f0-a9cd-5e8516746f41_546981009.png,,edes-pekaru-29
Spar,6823b3a641718f3ddf8d5604,GYŰRŰS FÁNK CSOKOLÁDÉ ÍZŰ,,True,,,199.0,db,1.0,False,,,,,https://wolt-menu-images-cdn.wolt.com/menu-images/665446a5ece3fa91d9df0d00/fe6271ae-348f-11f0-a08a-5a2352b4d402_549469009.png,,edes-pekaru-29
Spar,6823b3a641718f3ddf8d5611,GYŰRŰS FÁNK EPER ÍZŰ,,True,,,199.0,db,1.0,False,,,,,https://wolt-menu-images-cdn.wolt.com/menu-images/665446a5ece3fa91d9df0d00/f69d3eae-348f-11f0-8a0b-ca27562127d9_549467005.png,,edes-pekaru-29
Spar,6823b3a641718f3ddf8d5612,S-BUDGET S.BAR.TÖLT.FÁNK (KS),,True,,,249.0,db,1.0,False,,,,,https://wolt-menu-images-cdn.wolt.com/menu-images/665446a5ece3fa91d9df0d00/edee232c-348f-11f0-85aa-0a221a5365b3_546982006.png,,edes-pekaru-29
Spar,6823b3a641718f3ddf8d5606,SÁRGABARACKOS RÚD (KF),,True,,,199.0,db,1.0,False,,,,,https://wolt-menu-images-cdn.wolt.com/menu-images/665446a5ece3fa91d9df0d00/bf7bdd4a-348f-11f0-9bc3-cec1f2a17473_537040005.png,,edes-pekaru-29
Spar,6823b3a641718f3ddf8d5620,SÓS-KARAMEL.CSOKIS-TÚRÓS RÉTES,,True,,,319.0,db,1.0,False,,,,,https://wolt-menu-images-cdn.wolt.com/menu-images/665446a5ece3fa91d9df0d00/c4c8a94a-348f-11f0-866d-12b5ff46f8d1_543498005.png,,edes-pekaru-29
Spar,6823b3a641718f3ddf8d5607,S-BUDGET CROISSANT MOGYORÓS,,True,,,299.0,db,1.0,False,,,,,https://wolt-menu-images-cdn.wolt.com/menu-images/665446a5ece3fa91d9df0d00/cb70c0c0-348f-11f0-9b46-12b5ff46f8d1_544645002.png,,edes-pekaru-29
Spar,688bdc88f6c7a553faf61e52,Vaníliás ízű fánk,,True,,,229.0,db,1.0,False,,,,,https://wolt-menu-images-cdn.wolt.com/menu-images/66544565d6a91b4d1392d750/f590eff2-6e04-11f0-8b74-deee67f8fd0e_549150006.jpg,,edes-pekaru-29
Spar,688bdc88f6c7a553faf61e43,Dubai stílusú krém.tölt.fánk,,True,,,299.0,db,1.0,False,,,,,https://wolt-menu-images-cdn.wolt.com/menu-images/66544565d6a91b4d1392d750/f9e20f82-6e04-11f0-b610-da5a3ecfde14_550127004.jpg,,edes-pekaru-29
Spar,688bdc88f6c7a553faf61e55,Bismarck fánk,,True,,,249.0,db,1.0,False,,,,,https://wolt-menu-images-cdn.wolt.com/menu-images/66544565d6a91b4d1392d750/0ad9d298-6e05-11f0-b28c-3afe9abc2338_552409009.jpg,,edes-pekaru-29
Spar,688bdc88f6c7a553faf61e42,Vajas croissant pisztácia,,True,,,499.0,db,1.0,False,,,,,https://wolt-menu-images-cdn.wolt.com/menu-images/66544565d6a91b4d1392d750/ff344fa4-6e04-11f0-9767-326ae7e8d9ab_550754002.jpg,,edes-pekaru-29
Spar,688bdc88f6c7a553faf61e54,Pk!csokis párna,,False,,,799.0,db,1.0,False,,,,,https://wolt-menu-images-cdn.wolt.com/menu-images/66544565d6a91b4d1392d750/04c7287e-6e05-11f0-9d0f-26a77eb9610c_550946001.jpg,,edes-pekaru-29
Spar,688bdc88f6c7a553faf61e4c,No-no csokis párna,,True,,,399.0,db,1.0,False,,,,,https://wolt-menu-images-cdn.wolt.com/menu-images/66544565d6a91b4d1392d750/04c9261a-6e05-11f0-9f49-8242fb34c510_551243000.jpg,,edes-pekaru-29
Spar,688bdc88f6c7a553faf61e4f,Pk! gesztenyés párna,,False,,,799.0,db,1.0,False,,,,,https://wolt-menu-images-cdn.wolt.com/menu-images/66544565d6a91b4d1392d750/04d7e254-6e05-11f0-b597-dead9f5c57ca_551424003.jpg,,edes-pekaru-29
Spar,66c5880276953f4db0813242,Bombajóó gyorsfagyasztott sajtkrémes mini Barrita 600 g,,True,,5997853185990,1149.0,g,600.0,False,,,,,https://imageproxy.wolt.com/assets/6675e830b669ac6c8eae82fd,,fagyasztott-pekaru-30
Spar,66c5880276953f4db08132e1,Schär gluténmentes fagyasztott sokmagvas zsemle 250 g,,True,,8008698007105,1799.0,g,250.0,False,,,,,https://imageproxy.wolt.com/assets/66765118d88b3e741b73c95e,,fagyasztott-pekaru-30
Spar,66c5880276953f4db08132d0,Schär gluténmentes fagyasztott császárzsemle 350 g,,True,,8008698006658,1799.0,g,350.0,False,,,,,https://imageproxy.wolt.com/assets/6675ec80d88b3e741b73877d,,fagyasztott-pekaru-30
Spar,66c5880276953f4db08133bb,SPAR free from gyorsfagyasztott készre sütött gluténmentes bagett 2 db 200 g,,True,,5999033875349,799.0,g,200.0,False,,,,,https://imageproxy.wolt.com/assets/6675ddf2b669ac6c8eae7dd4;https://imageproxy.wolt.com/assets/6675ddf388898805c80893f3,,fagyasztott-pekaru-30
Spar,66c5880276953f4db081368d,S-Budget előkelesztett-gyorsfagyasztott sajtos pogácsa 1000 g,,True,,5999033885157,1999.0,g,1000.0,False,,,,,https://imageproxy.wolt.com/assets/6675e85c88898805c8089939;https://imageproxy.wolt.com/assets/6675e85db669ac6c8eae8320,,fagyasztott-pekaru-30
Spar,66c5880276953f4db0813853,"SPAR kelesztett, fagyasztott pizzás csiga 6 x 84 g (504 g)",,True,,5999033896085,1674.0,g,504.0,False,,,,,https://imageproxy.wolt.com/assets/667679eab669ac6c8eaed0bd;https://imageproxy.wolt.com/assets/667679eb88898805c808e6bb,,fagyasztott-pekaru-30
Spar,66c5880276953f4db0813860,SPAR elősütött fagyasztott purpur zsemle 6 x 70 g (420 g),,True,,5999033896108,894.0,g,420.0,False,,,,,https://imageproxy.wolt.com/assets/667679ec1b708918eb6e8633;https://imageproxy.wolt.com/assets/667679eee98c4a1a5c647a7a,,fagyasztott-pekaru-30
Spar,66c5880276953f4db0813a0b,"Frigotti előkelesztett, gyorsfagyasztott mini croissant 600 g",,True,,5997888393643,1199.0,g,600.0,False,,,,,https://imageproxy.wolt.com/assets/667685211b708918eb6e8f39,,fagyasztott-pekaru-30
Spar,67ad25f31af9fcb37887c179,SPAR elősütött fagyasztott császárzsemle 6 x 65 g (390 g),,True,,5999033896061,450.0,g,390.0,False,,,,,https://imageproxy.wolt.com/assets/667679ece98c4a1a5c647a78;https://imageproxy.wolt.com/assets/667679ee1b708918eb6e8637,,fagyasztott-pekaru-30
Spar,67ad25f31af9fcb37887c18e,"SPAR kelesztett, fagyasztott purpur kakaós csiga édesítőszerekkel 6 x 108 g (648 g)",,True,,5999033896092,1549.0,g,648.0,False,,,,,https://imageproxy.wolt.com/assets/667679ece98c4a1a5c647a77;https://imageproxy.wolt.com/assets/667679ed1b708918eb6e8635,,fagyasztott-pekaru-30
Spar,67ad25f31af9fcb37887c18a,S-Budget sütésre kész péksütemények 300 g,,True,,9100000913667,889.0,g,300.0,False,,,,,https://imageproxy.wolt.com/assets/667688c8d88b3e741b73e03c;https://imageproxy.wolt.com/assets/667688c9d8b6b903a56006c4,,fagyasztott-pekaru-30
Spar,67ad25f31af9fcb37887c15a,Ceres piskótatekercs 320 g,,False,,5998703571710,2499.0,g,320.0,False,,,,,https://imageproxy.wolt.com/assets/66766bb5d88b3e741b73d37c;https://imageproxy.wolt.com/assets/66766bb6d8b6b903a55ffa04,,cukrasz-termekek-274
Spar,67ad25f31af9fcb37887c160,Ceres piskótatorta 350 g,,False,,5998703571642,2199.0,g,350.0,False,,,,,https://imageproxy.wolt.com/assets/66766bb9d88b3e741b73d385;https://imageproxy.wolt.com/assets/66766bbbd8b6b903a55ffa0c,,cukrasz-termekek-274
Spar,67ad25f31af9fcb37887c16e,Benei sós teasütemény 250 g,,True,,5997944705021,1789.0,g,250.0,False,,,,,https://imageproxy.wolt.com/assets/6675e3a3d88b3e741b738475,,cukrasz-termekek-274
Spar,67ad25f31af9fcb37887c17d,Kata sós-karamellás szelet 4 db 200 g,,True,,5998060307861,1250.0,g,200.0,False,,,,,https://imageproxy.wolt.com/assets/667947e35ef6677ac9370aca,,cukrasz-termekek-274
Spar,67ad25f31af9fcb37887c162,Kata tiramisu szelet 5 db 200 g,,True,,5998060304822,1250.0,g,200.0,False,,,,,https://imageproxy.wolt.com/assets/66b1da763e01ee35ed3e746c,,cukrasz-termekek-274
Spar,67ad25f31af9fcb37887c174,Tornyos kókusztekercs 300 g,,True,,5999862770082,1390.0,g,300.0,False,,,,,https://imageproxy.wolt.com/assets/66c8442c16916003d8b48e9f,,cukrasz-termekek-274
Spar,67ad25f31af9fcb37887c186,Tornyos piskótatekercs 150 g,,True,,5999862770075,1290.0,g,150.0,False,,,,,https://imageproxy.wolt.com/assets/67ee7abc6c2ad1f83352ec48,,cukrasz-termekek-274
Spar,67ad25f31af9fcb37887c182,Ice Cake-Tortás Cukrászat Eperhabos torta szelet 2 x 80 g (160 g),,False,,5998663333991,1990.0,g,160.0,False,,,db,2.0,https://imageproxy.wolt.com/assets/6685b02e9f550555f0e6c5a3,,cukrasz-termekek-274
Spar,67ad25f31af9fcb37887c18b,Ice Cake-Tortás Cukrászat Házi krémes 180 g (2 x 90 g),,False,,5998663340586,1690.0,g,180.0,False,,,db,2.0,https://imageproxy.wolt.com/assets/667d2c821873db4081f71b2e,,cukrasz-termekek-274
Spar,67ad25f31af9fcb37887c153,Ice Cake-Tortás Cukrászat Karamellás krémes kocka 4 x 100 g (400 g),,False,,5998663346120,2890.0,g,400.0,False,,,db,4.0,https://imageproxy.wolt.com/assets/6685b02ee6bb346a02915164,,cukrasz-termekek-274
Spar,67ad25f31af9fcb37887c178,Ice Cake-Tortás Cukrászat Mignon 240 g (4 x 60 g),,False,,5998663300351,2990.0,g,240.0,False,,,db,4.0,https://imageproxy.wolt.com/assets/667d2c821873db4081f71b2f,,cukrasz-termekek-274
Spar,67ad25f31af9fcb37887c18c,Ice Cake-Tortás Cukrászat Meggyes pite (2 x 170 g) 340 g,,False,,5998663345772,2190.0,g,340.0,False,,,,,https://imageproxy.wolt.com/assets/667f0a9fd4cad25fb0d28805,,cukrasz-termekek-274
Spar,67ad25f31af9fcb37887c170,Ice Cake-Tortás Cukrászat Puncs torta szelet (2 x 120 g) 240 g,,False,,5998663301112,1690.0,g,240.0,False,,,db,2.0,https://imageproxy.wolt.com/assets/667f0a9f79b3123703a9ef73,,cukrasz-termekek-274
Spar,67ad25f31af9fcb37887c18d,Ice Cake-Tortás Cukrászat Almás tiroli rétes 320 g (2 x 160 g),,False,,5998663345994,1550.0,g,320.0,False,,,db,2.0,https://imageproxy.wolt.com/assets/667d2c821873db4081f71b30,,cukrasz-termekek-274
Spar,67ad25f31af9fcb37887c171,Ice Cake-Tortás Cukrászat Mákos tiroli rétes 340 g (2 x 170 g),,False,,5998663346007,1550.0,g,340.0,False,,,db,2.0,https://imageproxy.wolt.com/assets/667d2c82ae07245c054083af,,cukrasz-termekek-274
Spar,67ad25f31af9fcb37887c157,Ice Cake-Tortás Cukrászat Meggyes tiroli rétes 340 g (2 x 170 g),,False,,5998663346014,1550.0,g,340.0,False,,,db,2.0,https://imageproxy.wolt.com/assets/667d2c82ae07245c054083b0,,cukrasz-termekek-274
Spar,67ad25f31af9fcb37887c17b,Ice Cake-Tortás Cukrászat Túrós tiroli rétes 340 g (2 x 170 g),,False,,5998663346021,1550.0,g,340.0,False,,,db,2.0,https://imageproxy.wolt.com/assets/667d2c84ae07245c054083b1,,cukrasz-termekek-274
Spar,67ad25f31af9fcb37887c16c,Ice Cake-Tortás Cukrászat Zserbó szelet (4 x 100 g) 400 g,,False,,5998663346090,4290.0,g,400.0,False,,,db,4.0,https://imageproxy.wolt.com/assets/667f0a9fd4cad25fb0d28806,,cukrasz-termekek-274
Spar,67ad25f31af9fcb37887c193,SPAR kakaós szelet 150 g,,True,,5999139401213,999.0,g,150.0,False,,,,,https://imageproxy.wolt.com/assets/6756ec59650d336516a72470;https://imageproxy.wolt.com/assets/6756ec5b650d336516a72476,,cukrasz-termekek-274
Spar,67ad25f31af9fcb37887c191,SPAR kókuszkocka 300 g,,True,,5999139401220,1890.0,g,300.0,False,,,,,https://imageproxy.wolt.com/assets/6756ec5e650d336516a7247b;https://imageproxy.wolt.com/assets/6756ec5f650d336516a72480,,cukrasz-termekek-274
Spar,67ad25f31af9fcb37887c194,"SPAR sütemény mix szilvás pite, répatorta mákos és citrom ízű szelet 360 g",,True,,5999139401312,2590.0,g,360.0,False,,,,,https://imageproxy.wolt.com/assets/6756ec5f650d336516a7247e;https://imageproxy.wolt.com/assets/6756ec60650d336516a72482,,cukrasz-termekek-274
Spar,67ad25f31af9fcb37887c196,SPAR szilvás sütemény 420 g,,True,,5999139401329,2690.0,g,420.0,False,,,,,https://imageproxy.wolt.com/assets/6756ec5f650d336516a7247d;https://imageproxy.wolt.com/assets/6756ec60650d336516a72483,,cukrasz-termekek-274
Spar,67ad25f31af9fcb37887c198,SPAR töltött pite mézzel 200 g,,True,,5999139401237,1990.0,g,200.0,False,,,,,https://imageproxy.wolt.com/assets/6756ec59650d336516a72471;https://imageproxy.wolt.com/assets/6756ec5b650d336516a72475,,cukrasz-termekek-274
Spar,66c5880276953f4db0813884,Tornyos kókuszgolyó 300 g,,True,,5999885927364,1490.0,g,300.0,False,,,,,https://imageproxy.wolt.com/assets/667661b91b708918eb6e790f,,cukrasz-termekek-274
Spar,66c5880276953f4db0813819,Tornyos Madjarica szelet 330 g,,True,,5999885927371,1490.0,g,330.0,False,,,,,https://imageproxy.wolt.com/assets/667661b9e98c4a1a5c646d5d,,cukrasz-termekek-274
Spar,66c5880276953f4db0813a3f,Tornyos almás pite 350 g,,True,,5999885927807,1490.0,g,350.0,False,,,,,https://imageproxy.wolt.com/assets/667661b61b708918eb6e790a,,cukrasz-termekek-274
Spar,66c5880276953f4db0813944,Tornyos túrós pite 350 g,,False,,5999885927401,1490.0,g,350.0,False,,,,,https://imageproxy.wolt.com/assets/667661ba1b708918eb6e7910,,cukrasz-termekek-274
Spar,66544f27584ad684ed53f562,Kata csokoládé ízű zsúr torta 500 g,,False,,5998060307915,3890.0,g,500.0,False,,,,,https://imageproxy.wolt.com/assets/678e0e40daf01e7f1ad1aef7,,cukrasz-termekek-274
Spar,66c5880276953f4db0812a7b,Finn Crisp Original vékony ropogós rozskenyérke 200 g,,True,,6410500090014,929.0,g,200.0,False,,,,,https://imageproxy.wolt.com/assets/667684bf88898805c808eff5,,ketszersultek-31
Spar,66c5880276953f4db0812bd6,Abonett Classic natúr extrudált kenyér 100 g,,True,,5997148701881,429.0,g,100.0,False,,,,,https://imageproxy.wolt.com/assets/66766c57d88b3e741b73d45f;https://imageproxy.wolt.com/assets/66766c59d8b6b903a55ffae7,,ketszersultek-31
Spar,66c5880276953f4db0812bd8,Abonett Classic rozsos extrudált kenyér 100 g,,True,,5997148701904,429.0,g,100.0,False,,,,,https://imageproxy.wolt.com/assets/66766359d88b3e741b73cdb5;https://imageproxy.wolt.com/assets/6676635ad8b6b903a55ff43d,,ketszersultek-31
Spar,66c5880276953f4db0812c25,Finn Crisp vékony ropogós sokmagvas kenyérke 175 g,,True,,6410500091868,929.0,g,175.0,False,,,,,https://imageproxy.wolt.com/assets/667684bfb669ac6c8eaed9fe,,ketszersultek-31
Spar,66c5880276953f4db081362e,DESPAR PREMIUM Pane Guttiau szardíniai recept alapján készült ropogós lepény 200 g,,True,,9100000780696,1999.0,g,200.0,False,,,,,https://imageproxy.wolt.com/assets/6675e4af1b708918eb6e2b75;https://imageproxy.wolt.com/assets/6675e4b0e98c4a1a5c641fd6,,ketszersultek-31
Spar,66c5880276953f4db0813b98,S-Budget Knäckerbrot Classic teljes kiőrlésű ropogós szelet teljes kiőrlésű rozslisztből 250 g,,True,,9100000800745,799.0,g,250.0,False,,,,,https://imageproxy.wolt.com/assets/667664a3d88b3e741b73cf0c;https://imageproxy.wolt.com/assets/667664a4d88b3e741b73cf0d,,ketszersultek-31
Spar,66c5880276953f4db0813ba8,S-Budget Knäckerbrot szezámmagos ropogós szelet teljes kiőrlésű rozsliszttel 250 g,,True,,9100000800769,799.0,g,250.0,False,,,,,https://imageproxy.wolt.com/assets/667664a3d8b6b903a55ff593;https://imageproxy.wolt.com/assets/667664a9d8b6b903a55ff596,,ketszersultek-31
Spar,66c5880276953f4db08134b9,DESPAR teljes kiőrlésű kétszersült 36 db 320 g,,True,,8001300803638,859.0,g,320.0,False,,,,,https://imageproxy.wolt.com/assets/6675df7088898805c80895b9;https://imageproxy.wolt.com/assets/6675df7188898805c80895bc,,ketszersultek-31
Spar,66c5880276953f4db0813658,"RiceUp! Eat Smart teljes kiőrlésű puffasztott rizs barna rizzsel, chia maggal és quinoával 120 g",,True,,3800233070033,499.0,g,120.0,False,,,,,https://imageproxy.wolt.com/assets/6675e01488898805c8089688;https://imageproxy.wolt.com/assets/6675e01488898805c808968b,,ketszersultek-31
Spar,66c5880276953f4db0813665,RiceUp! Eat Smart puffasztott teljes kiőrlésű barna rizs szelet napraforgómaggal 120 g,,True,,3800233070064,499.0,g,120.0,False,,,,,https://imageproxy.wolt.com/assets/6675e3f0d8b6b903a55fabf4;https://imageproxy.wolt.com/assets/6675e3f1d88b3e741b7384eb,,ketszersultek-31
Spar,66c5880276953f4db081366b,RiceUp! Eat Smart teljes kiőrlésű puffasztott rizs szupermagvakkal 120 g,,True,,3800233070071,499.0,g,120.0,False,,,,,https://imageproxy.wolt.com/assets/6675e01388898805c8089687;https://imageproxy.wolt.com/assets/6675e014b669ac6c8eae806d,,ketszersultek-31
Spar,66c5880276953f4db081366e,RiceUp! Eat Smart puffasztott teljes kiőrlésű barna rizs szelet tökmaggal 120 g,,True,,3800233070088,499.0,g,120.0,False,,,,,https://imageproxy.wolt.com/assets/6675e3f0d88b3e741b7384e9;https://imageproxy.wolt.com/assets/6675e3f1d8b6b903a55fabf7,,ketszersultek-31
Spar,66544f27584ad684ed53f3d4,House Salad 1 db kaszinótojás + 1 db tormás sonkatekercs cukorral és édesítőszerekkel 200 g,,True,,5995417002257,899.0,g,200.0,False,,,,,https://imageproxy.wolt.com/assets/678e0e34daf01e7f1ad1aead,,ketszersultek-31
Spar,66c5880276953f4db0812f7c,House Salad 2 db kaszinótojás + 2 db tormás sonkatekercs cukorral és édesítőszerekkel 380 g,,True,,5999545212540,1359.0,g,380.0,False,,,,,https://imageproxy.wolt.com/assets/67c03a223cde546b72ee089d,,ketszersultek-31
Spar,66c5880276953f4db0812907,Wasa Original sütőipari termék rozslisztből 275 g,,True,,7300400118101,1099.0,g,275.0,False,,,,,https://imageproxy.wolt.com/assets/667650fed8b6b903a55fefdc,,ketszersultek-31
Spar,67ad25f31af9fcb37887c16f,"Wasa Fibre élelmi rostokban gazdag, rozsliszttel készült sütőipari termék 230 g",,True,,7300400117852,1099.0,g,230.0,False,,,,,https://imageproxy.wolt.com/assets/667650ffd88b3e741b73c949,,ketszersultek-31
Spar,67fd7a3b99831b8a4d0c64f4,Wasa Sport+ teljes kiőrlésű rozslisztből készült ropogós kenyér lenmaggal 210 g,,True,,7300400482950,1199.0,g,210.0,False,,,,,https://imageproxy.wolt.com/assets/67f7c348ca13dce96e7ac159,,ketszersultek-31
Spar,66c5880276953f4db08128f1,Német zsemle 70 g,,False,,5999563670629,229.0,g,70.0,False,,,,,https://imageproxy.wolt.com/assets/6675e18b1b708918eb6e2a52;https://imageproxy.wolt.com/assets/6675e18be98c4a1a5c641eb3,,zsemle-kifli-bagel-baguette-32
Spar,66c5880276953f4db0812e25,Teljeskiőrlésű császárzsemle,,True,,,79.0,g,70.0,False,,,db,1.0,https://imageproxy.wolt.com/assets/66764e0ab669ac6c8eaeb56f,,zsemle-kifli-bagel-baguette-32
Spar,66c5880276953f4db0812e31,Vágott sulizsemle,,True,,5998704371142,89.0,g,65.0,False,,,db,1.0,https://imageproxy.wolt.com/assets/66764e0bd88b3e741b73c760,,zsemle-kifli-bagel-baguette-32
Spar,66c5880276953f4db08132f4,SPAR császárzsemle,,True,,5998704370954,69.0,g,65.0,False,,,db,1.0,https://imageproxy.wolt.com/assets/66764e0dd88b3e741b73c764,,zsemle-kifli-bagel-baguette-32
Spar,66c5880276953f4db0813866,Purpur zsemle,,True,,5998704373061,149.0,g,70.0,False,,,db,1.0,https://imageproxy.wolt.com/assets/66764e0eb669ac6c8eaeb570,,zsemle-kifli-bagel-baguette-32
Spar,66544f27584ad684ed53f541,Vizes zsemle 5 db 270 g,,False,,5999090810314,375.0,g,270.0,False,,,,,https://imageproxy.wolt.com/assets/678e0e344b2b7137a212e404,,zsemle-kifli-bagel-baguette-32
Spar,66c5880276953f4db0812c99,S-Budget elősütött bagett 2 x 150 g (300 g),,True,,9100000864464,399.0,g,300.0,False,,,,,https://imageproxy.wolt.com/assets/667ea890d4cad25fb0d27ab9;https://imageproxy.wolt.com/assets/667ea89279b3123703a9e224,,zsemle-kifli-bagel-baguette-32
Spar,66c5880276953f4db0812e43,Sajtos nagy bagett 150 g,,True,,5998704370152,399.0,g,150.0,False,,,,,https://imageproxy.wolt.com/assets/6675e7681b708918eb6e2f3a,,zsemle-kifli-bagel-baguette-32
Spar,66c5880276953f4db0813630,Kovászos spanyol bagett,,True,,5907377307907,299.0,g,155.0,False,,,db,1.0,https://imageproxy.wolt.com/assets/6675f26fd8b6b903a55fb28a;https://imageproxy.wolt.com/assets/6675f270d88b3e741b738b7f,,zsemle-kifli-bagel-baguette-32
Spar,66544f27584ad684ed53f4ae,Fokhagymás vajas bagett,,True,,5907489685122,399.0,db,1.0,False,,,,,https://imageproxy.wolt.com/assets/678e0e354b2b7137a212e405,,zsemle-kifli-bagel-baguette-32
Spar,66c5880276953f4db0812c9e,S-Budget elősütött buci 6 x 50 g (300 g),,True,,9100000864488,399.0,g,300.0,False,,,,,https://imageproxy.wolt.com/assets/667ea89079b3123703a9e21e;https://imageproxy.wolt.com/assets/667ea891d4cad25fb0d27abd,,zsemle-kifli-bagel-baguette-32
Spar,66c5880276953f4db0813277,Rozsos-magvas buci,,True,,5998704372262,129.0,g,80.0,False,,,db,1.0,https://imageproxy.wolt.com/assets/66764e0dd8b6b903a55fedfb,,zsemle-kifli-bagel-baguette-32
Spar,66c5880276953f4db0813030,"Jaus hot dog kifli 4 x 62,5 g (250 g)",,True,,4058077763133,969.0,g,250.0,False,,,,,https://imageproxy.wolt.com/assets/6675faaa1b708918eb6e395f,,zsemle-kifli-bagel-baguette-32
Spar,66c5880276953f4db0813845,SPAR American Style Classic hot dog kifli 4 db 250 g,,True,,5999033888448,649.0,g,250.0,False,,,,,https://imageproxy.wolt.com/assets/6675f2f31b708918eb6e366e;https://imageproxy.wolt.com/assets/6675f2f41b708918eb6e3670,,zsemle-kifli-bagel-baguette-32
Spar,66c5880276953f4db081394a,Óriás kifli 250 g,,False,,5999563670889,529.0,g,250.0,False,,,,,https://imageproxy.wolt.com/assets/6676513cd8b6b903a55ff007,,zsemle-kifli-bagel-baguette-32
Spar,66c5880276953f4db0813aae,Retro kifli 85 g,,True,,5999028637693,149.0,g,85.0,False,,,,,https://imageproxy.wolt.com/assets/66766307d8b6b903a55ff400,,zsemle-kifli-bagel-baguette-32
Spar,66c5880276953f4db081381c,SPAR American Style szezámmaggal szórt hamburger zsemle 6 db 300 g,,True,,5999033888455,649.0,g,300.0,False,,,,,https://imageproxy.wolt.com/assets/66a11b63ece2691c4f4b297b;https://imageproxy.wolt.com/assets/66a11b64ece2691c4f4b297d,,zsemle-kifli-bagel-baguette-32
Spar,66c5880276953f4db081382e,SPAR American Style Classic hamburger zsemle 6 db 300 g,,True,,5999033888462,649.0,g,300.0,False,,,,,https://imageproxy.wolt.com/assets/6675f2f21b708918eb6e366c;https://imageproxy.wolt.com/assets/6675f2f3e98c4a1a5c642ac8,,zsemle-kifli-bagel-baguette-32
Spar,66544f27584ad684ed53f40e,Jaus szezámmagos hamburger zsemle 6 x 50 g (300 g),,True,,4003587070554,1049.0,g,300.0,False,,,,,https://imageproxy.wolt.com/assets/678e0e34daf01e7f1ad1aeb0,,zsemle-kifli-bagel-baguette-32
Spar,66c5880276953f4db08135e2,S-Budget készre sütött zsemle lenmaggal 360 g,,True,,9100000038230,699.0,g,360.0,False,,,,,https://imageproxy.wolt.com/assets/6675f465b669ac6c8eae892f;https://imageproxy.wolt.com/assets/6675f466b669ac6c8eae8932,,zsemle-kifli-bagel-baguette-32
Spar,66c5880276953f4db0812f1f,SPAR zsemlegombóc főzőtasakban 6 db 200 g,,True,,9100000737935,799.0,g,200.0,False,,,,,https://imageproxy.wolt.com/assets/667599ec1b708918eb6dfeed;https://imageproxy.wolt.com/assets/667599f41b708918eb6dfef1,,zsemle-kifli-bagel-baguette-32
Spar,66c5880276953f4db08140d6,Vágott magvas zsemle,,True,,5998704371159,99.0,db,1.0,False,,,,,https://imageproxy.wolt.com/assets/678e0e35daf01e7f1ad1aeb3,,zsemle-kifli-bagel-baguette-32
Spar,66c5880276953f4db08142f0,SPAR free from bio gluténmentes magvas baguette 160 g,,True,,9100000699066,1299.0,g,160.0,False,,,,,https://imageproxy.wolt.com/assets/667688ccd8b6b903a56006c7;https://imageproxy.wolt.com/assets/667688cdd88b3e741b73e044,,zsemle-kifli-bagel-baguette-32
Spar,66c5880276953f4db08144fb,"Schulstad búzalisztből készült, francia fúrt hot dog kifli 3 x 60 g (180 g)",,True,,5902620238465,569.0,g,180.0,False,,,,,https://imageproxy.wolt.com/assets/66826480e6bb346a02912c1a,,zsemle-kifli-bagel-baguette-32
Spar,66c5880276953f4db0814264,Natúr ciabatta,,True,,8590325943707,109.0,db,1.0,False,,,,,https://imageproxy.wolt.com/assets/678e0e35daf01e7f1ad1aeb2,,zsemle-kifli-bagel-baguette-32
Spar,66c5880276953f4db081430b,SPAR ÓRIÁS BAGETT,,True,,9120016374573,599.0,db,1.0,False,,,,,https://imageproxy.wolt.com/assets/678e0e354b2b7137a212e408,,zsemle-kifli-bagel-baguette-32
Spar,66c5880276953f4db08142ff,Rusztikus bagett kovásszal,,True,,5941878402884,649.0,db,1.0,False,,,,,https://imageproxy.wolt.com/assets/678e0e354b2b7137a212e409,,zsemle-kifli-bagel-baguette-32
Spar,66c5880276953f4db08143a4,Tökmagos rózsazsemle,,True,,5412632519884,269.0,db,1.0,False,,,,,https://imageproxy.wolt.com/assets/678e0e36daf01e7f1ad1aeb4,,zsemle-kifli-bagel-baguette-32
Spar,67ad25f31af9fcb37887c168,Jaus szezámmagos hamburger zsemle 4 x 75 g (300 g),,True,,4058077763157,1079.0,g,300.0,False,,,,,https://imageproxy.wolt.com/assets/6675faa81b708918eb6e395d,,zsemle-kifli-bagel-baguette-32
Spar,67ad25f31af9fcb37887c158,SPAR American Style szezámmaggal szórt hamburger zsemle 4 db 300 g,,True,,5999033893350,699.0,g,300.0,False,,,,,https://imageproxy.wolt.com/assets/667688ccd88b3e741b73e040;https://imageproxy.wolt.com/assets/667688cdd8b6b903a56006c8,,zsemle-kifli-bagel-baguette-32
Spar,67ad25f31af9fcb37887c18f,SÓS-BORSOS RÓZSAZSEMLE (E),,True,,5412632519891,269.0,db,1.0,False,,,,,https://wolt-menu-images-cdn.wolt.com/menu-images/6630bf2d2af684d052fdff63/1a6e0690-145d-11f0-8330-9ad85816abad_537032000.jpg,,zsemle-kifli-bagel-baguette-32
Spar,67ad25f31af9fcb37887c17e,S-BUDGET ZSEMLE (KF),,True,,5998704371258,65.0,db,1.0,False,,,,,https://wolt-menu-images-cdn.wolt.com/menu-images/6630bf2d2af684d052fdff63/16650148-145d-11f0-9d2f-828c034ca946_526549007.jpg,,zsemle-kifli-bagel-baguette-32
Spar,67ad25f31af9fcb37887c15c,Roberto Maxi Hamburger teljes kiőrlésű kenyér napraforgóolajjal és szezámmaggal 4 db 300 g,,True,,8003490046543,999.0,g,300.0,False,,,,,https://imageproxy.wolt.com/assets/681a186b82f00f6d6fdb7d89,,zsemle-kifli-bagel-baguette-32
Spar,67ad25f31af9fcb37887c167,PURPUR KIFLI SAJTTAL SZÓRT(KF),,True,,,249.0,db,1.0,False,,,,,https://wolt-menu-images-cdn.wolt.com/menu-images/6630bf2d2af684d052fdff63/7738f52c-0ef1-11f0-8496-c2bbc466fab6_541380005.png,,zsemle-kifli-bagel-baguette-32
Spar,67ad25f31af9fcb37887c17a,KUKORICÁS STANGLI (KF),,True,,5998704370930,99.0,db,1.0,False,,,,,https://wolt-menu-images-cdn.wolt.com/menu-images/6630bf2d2af684d052fdff63/055bcf12-145d-11f0-baf0-d274b512cc07_362712009.jpg,,zsemle-kifli-bagel-baguette-32
Spar,67ad25f31af9fcb37887c16d,S-BUDGET KIFLI (KF),,True,,5998704371029,65.0,db,1.0,False,,,,,https://wolt-menu-images-cdn.wolt.com/menu-images/6630bf2d2af684d052fdff63/167495ea-145d-11f0-80d2-9220ff5e4d6a_526550003.jpg,,zsemle-kifli-bagel-baguette-32
Spar,67ad25f31af9fcb37887c190,Tiroli stangli,,True,,5998704371104,229.0,g,100.0,False,,,db,1.0,https://imageproxy.wolt.com/assets/66764e0ab669ac6c8eaeb56e,,zsemle-kifli-bagel-baguette-32
Spar,67bf8f6b31caa9252d551d81,S-Budget hot dog kifli 4 db 250 g,,True,,9100000833644,579.0,g,250.0,False,,,,,https://imageproxy.wolt.com/assets/667664abd8b6b903a55ff598;https://imageproxy.wolt.com/assets/667664acd8b6b903a55ff59a,,zsemle-kifli-bagel-baguette-32
Spar,67bf8f6b31caa9252d551d7c,S-Budget hamburger zsemle szezámmaggal 4 x 75 g (300 g),,True,,9100000833668,579.0,g,300.0,False,,,,,https://imageproxy.wolt.com/assets/6675e245d8b6b903a55fa935;https://imageproxy.wolt.com/assets/6675e246d88b3e741b73822c,,zsemle-kifli-bagel-baguette-32
Spar,6823b3a641718f3ddf8d561c,TÖNKÖLYÖS RÓZSAZSEMLE ( E ),,True,,,299.0,db,1.0,False,,,,,https://wolt-menu-images-cdn.wolt.com/menu-images/665446a5ece3fa91d9df0d00/ede17d84-348f-11f0-b464-7e46c6c654e2_547586005.png,,zsemle-kifli-bagel-baguette-32
Spar,6823b3a641718f3ddf8d55fa,JÓ REGGELT FÉLBAGETT (E),,True,,,199.0,db,1.0,False,,,,,https://wolt-menu-images-cdn.wolt.com/menu-images/665446a5ece3fa91d9df0d00/f69f6242-348f-11f0-a29c-f22e4710f3e8_549458003.png,,zsemle-kifli-bagel-baguette-32
Spar,6823b3a641718f3ddf8d55fc,S-BUDGET BAGETT ( E ),,True,,,399.0,db,1.0,False,,,,,https://wolt-menu-images-cdn.wolt.com/menu-images/665446a5ece3fa91d9df0d00/f69cc8fc-348f-11f0-9586-cecb436ea1d0_548644001.png,,zsemle-kifli-bagel-baguette-32
Spar,6823b3a641718f3ddf8d55fd,SAJTOS BAGEL (KS),,True,,,299.0,db,1.0,False,,,,,https://wolt-menu-images-cdn.wolt.com/menu-images/665446a5ece3fa91d9df0d00/f70058ea-348f-11f0-bea2-8aba25d24863_548400003.png,,zsemle-kifli-bagel-baguette-32
Spar,688bdc88f6c7a553faf61e41,Sajtos bagett,,True,,,499.0,db,1.0,False,,,,,https://wolt-menu-images-cdn.wolt.com/menu-images/66544565d6a91b4d1392d750/f9e1bc30-6e04-11f0-83c7-de8e2d9c769c_549451004.jpg,,zsemle-kifli-bagel-baguette-32
Spar,688bdc88f6c7a553faf61e46,Sváb bagett,,True,,,299.0,db,1.0,False,,,,,https://wolt-menu-images-cdn.wolt.com/menu-images/66544565d6a91b4d1392d750/ff26a9e4-6e04-11f0-8eb2-7e1c366a0547_550618007.jpg,,zsemle-kifli-bagel-baguette-32
Spar,66c5880276953f4db0812cdb,Poco Loco Original Tortilla 8 db 320 g,,True,,5412514555559,1499.0,g,320.0,False,,,,,https://imageproxy.wolt.com/assets/66767e67d8b6b903a5600132,,tortilla-pita-33
Spar,66c5880276953f4db0812e10,SPAR elősütött búzatortilla lapok 8 db 320 g,,True,,8710671005359,699.0,g,320.0,False,,,,,https://imageproxy.wolt.com/assets/6675df47b669ac6c8eae7f6b;https://imageproxy.wolt.com/assets/6675df4888898805c808958b,,tortilla-pita-33
Spar,66c5880276953f4db0812f54,Poco Loco tortilla teljes kiőrlésű liszttel 4 db 245 g,,True,,5412514932046,1279.0,g,245.0,False,,,,,https://imageproxy.wolt.com/assets/66767e641b708918eb6e89a7;https://imageproxy.wolt.com/assets/66767e641b708918eb6e89a9,,tortilla-pita-33
Spar,66c5880276953f4db0812f6b,Poco Loco Original búza- és kukoricalisztből készült tortilla lapok 6 db 380 g,,True,,5412514934040,1899.0,g,380.0,False,,,,,https://imageproxy.wolt.com/assets/680f37fbccc5d896a408e517,,tortilla-pita-33
Spar,66c5880276953f4db0813133,Poco Loco sokmagos tortilla 245 g,,True,,5412514932022,1279.0,g,245.0,False,,,,,https://imageproxy.wolt.com/assets/66767e63e98c4a1a5c647df9,,tortilla-pita-33
Spar,66c5880276953f4db0813257,SPAR elősütött tortilla lapok búza- és kukoricaliszttel 8 db 320 g,,True,,8710671151025,799.0,g,320.0,False,,,,,https://imageproxy.wolt.com/assets/6675e03be98c4a1a5c641d5e;https://imageproxy.wolt.com/assets/6675e03ce98c4a1a5c641d60,,tortilla-pita-33
Spar,66c5880276953f4db08137af,Mexifoods Fajitas búzatortilla 8 db 320 g,,True,,8422424100081,959.0,g,320.0,False,,,,,https://imageproxy.wolt.com/assets/6675ecccd8b6b903a55faf01,,tortilla-pita-33
Spar,66c5880276953f4db0813849,Mexifoods Tacos tortilla kukoricalisztből 10 db 250 g,,True,,8422424100012,959.0,g,250.0,False,,,,,https://imageproxy.wolt.com/assets/667681d4d88b3e741b73dc77,,tortilla-pita-33
Spar,66c5880276953f4db0813a26,Mission Wraps teljes kiőrlésű búzalisztből készült tortilla 6 db 370g,,True,,8710637105628,1299.0,g,370.0,False,,,,,https://imageproxy.wolt.com/assets/66765ed8d8b6b903a55ff2c3,,tortilla-pita-33
Spar,67ad25f31af9fcb37887c163,K³ Flatbread Classic görög pita kenyér 4 x 90 g (360 g),,True,,5214000193197,799.0,g,360.0,False,,,,,https://imageproxy.wolt.com/assets/66d83244f1771f7b9d5d78ed,,tortilla-pita-33
Spar,67ad25f31af9fcb37887c185,SPAR Veggie by NENI pita búzalepény 6 db 400 g,,True,,9100000707952,899.0,g,400.0,False,,,,,https://imageproxy.wolt.com/assets/6675e86bb669ac6c8eae832b;https://imageproxy.wolt.com/assets/6675e86db669ac6c8eae832c,,tortilla-pita-33
Spar,6823b3a641718f3ddf8d5616,SPAR PITA (KS),,True,,,299.0,db,1.0,False,,,,,https://wolt-menu-images-cdn.wolt.com/menu-images/665446a5ece3fa91d9df0d00/edef5c60-348f-11f0-af2b-e2b878f5c367_547965008.png,,tortilla-pita-33
Spar,67bf8f6b31caa9252d55192d,"Freego gluténmentes, laktózmentes, leveles túrós párnácska, gyorsfagyasztott 320 g",,True,,5999511837111,1699.0,g,320.0,False,,,,,https://imageproxy.wolt.com/assets/6761400baa512f184b31e10d,,glutenmentes-termekek-135
Spar,67bf8f6b31caa9252d551931,Freego gluténmentes gyorsfagyasztott tallér 360 g,,True,,5999511837074,1399.0,g,360.0,False,,,,,https://imageproxy.wolt.com/assets/677f9284950e5960fc4ebde0,,glutenmentes-termekek-135
Spar,67ad25f31af9fcb37887c161,"Szafi Free Ripsz/Pászka roppanós, gluténmentes, kovásztalan lapkenyér 2 x 90 g (180 g)",,True,,5999564155774,1639.0,g,180.0,False,,,,,https://imageproxy.wolt.com/assets/66765f5fd88b3e741b73cce3,,glutenmentes-termekek-275